plz,city,lat,lng
01067,Dresden,51.05755,13.71706
01069,Dresden,51.03913,13.73767
01097,Dresden,51.06591,13.73615
01099,Dresden,51.08719,13.80280
01108,Weixdorf,51.14432,13.79971
01109,Klotzsche,51.11740,13.72831
01127,Dresden,51.07794,13.72244
01129,Dresden,51.09437,13.72054
01139,Dresden,51.07471,13.68463
01156,"Dresden Gompitz, Steinbach",51.08554,13.62768
01157,Dresden,51.06341,13.66783
01159,Dresden,51.04124,13.69775
01169,Dresden,51.04405,13.66660
01187,Dresden,51.02660,13.70907
01189,Dresden,51.01449,13.69722
01217,Dresden,51.01446,13.74396
01219,Dresden,51.02490,13.76781
01237,Dresden,51.01342,13.79134
01239,Dresden,50.99575,13.78869
01257,Dresden,50.99809,13.81398
01259,Dresden,51.00095,13.85643
01277,Dresden Striesen,51.03741,13.79646
01279,Dresden Tolkewitz,51.02295,13.83390
01307,Dresden,51.05668,13.76883
01309,Dresden,51.04913,13.78742
01324,Dresden,51.06187,13.85477
01326,Dresden,51.05413,13.81442
01328,Dresden,51.03348,13.89526
01445,Radebeul,51.11154,13.64332
01454,Radeberg,51.13722,13.91787
01458,Ottendorf-Okrilla,51.17511,13.82460
01465,Dresden,51.12610,13.84178
01468,Moritzburg,51.16768,13.66377
01471,Radeburg,51.20120,13.74033
01477,Arnsdorf,51.09461,13.98915
01558,Großenhain,51.28843,13.54419
01561,Lampertswalde,51.28346,13.67654
01587,Riesa,51.30380,13.26705
01589,Riesa,51.29756,13.30950
01591,Riesa,51.31705,13.25206
01594,Stauchitz,51.26068,13.23232
01609,Wülknitz,51.38906,13.41402
01612,Diesbar-Seußlitz,51.29918,13.39009
01616,Strehla,51.36397,13.21506
01619,Röderaue,51.35640,13.32511
01623,Ketzerbachtal,51.20212,13.27839
01640,Coswig,51.13159,13.56381
01662,Meißen,51.16330,13.47515
01665,Taubenheim,51.09541,13.46418
01683,Heynitz,51.07993,13.32311
01689,Niederau,51.18102,13.55094
01705,Freital,51.00026,13.64017
01723,Wilsdruff,51.05030,13.53621
01728,Bannewitz,50.99023,13.72441
01731,Kreischa,50.94429,13.75869
01734,Rabenau,50.94929,13.66686
01737,Tharandt,50.97007,13.53620
01738,Dorfhain,50.93083,13.55392
01744,Dippoldiswalde,50.87331,13.63656
01762,Hartmannsdorf-Reichenau,50.83028,13.55704
01768,Glashütte,50.85093,13.78032
01773,Altenberg,50.77663,13.73646
01774,Pretzschendorf,50.87291,13.52634
01776,Hermsdorf/Erzgebirge,50.76454,13.62600
01778,Geising,50.75693,13.79231
01796,Struppen,50.93971,13.96715
01809,Heidenau,50.95333,13.85478
01814,Reinhardtsdorf-Schöna,50.88828,14.19987
01816,Bad Gottleuba-Berggießhübel,50.84846,13.94071
01819,Bahretal,50.87448,13.94930
01824,Königstein/Sächsische Schweiz,50.87199,14.04256
01825,Liebstadt,50.86182,13.85219
01829,Stadt Wehlen,50.95784,14.02475
01833,Stolpen,51.04885,14.07909
01844,Hohwald,51.03555,14.22600
01847,Lohmen,50.98918,13.99633
01848,Hohnstein,50.98894,14.15591
01855,Sebnitz,50.97307,14.27302
01877,Schmölln-Putzkau,51.13443,14.20201
01896,Lichtenberg,51.19059,14.00510
01900,Großröhrsdorf,51.14655,14.02453
01904,Steinigtwolmsdorf,51.09697,14.30669
01906,Burkau,51.17573,14.17960
01909,Großharthau,51.10808,14.10530
01917,Kamenz,51.28412,14.11338
01920,Steina,51.24067,14.03283
01936,Haselbachtal,51.26567,13.90437
01945,Grünewald,51.45661,13.86426
01968,Schipkau,51.50503,13.96933
01979,Lauchhammer,51.50045,13.73994
01983,Neu-Seeland,51.58798,14.01097
01987,Schwarzheide,51.48090,13.85858
01990,Ortrand,51.37793,13.75760
01993,Schipkau Schipkau,51.51684,13.89773
01994,Schipkau,51.56111,13.89658
01996,Hosena,51.45506,14.02566
01998,Schipkau,51.54108,13.89215
02625,Bautzen,51.18159,14.42300
02627,Weißenberg,51.14858,14.56955
02633,Doberschau-Gaußig,51.17798,14.32045
02681,Crostau,51.09724,14.39358
02689,Sohland an der Spree,51.04459,14.42717
02692,Obergurig,51.12224,14.44063
02694,Malschwitz,51.26639,14.51334
02699,Neschwitz,51.31059,14.32911
02708,Schönbach,51.07740,14.65558
02727,Neugersdorf,50.97730,14.60941
02730,Ebersbach/Sachsen,51.00525,14.59437
02733,Cunewalde,51.09836,14.52084
02736,Beiersdorf,51.05658,14.50503
02739,Eibau,50.98784,14.65085
02742,Friedersdorf,51.03811,14.52765
02747,Herrnhut,51.02755,14.75427
02748,Bernstadt auf dem Eigen,51.04724,14.82708
02763,Mittelherwigsdorf,50.92414,14.77012
02779,Hainewalde,50.89521,14.66399
02782,Seifhennersdorf,50.93530,14.60739
02785,Olbersdorf,50.87361,14.76917
02788,Schlegel,50.94361,14.88479
02791,Oderwitz,50.95648,14.72242
02794,Leutersdorf,50.95493,14.65194
02796,Jonsdorf,50.85405,14.69473
02797,Oybin,50.84125,14.74239
02799,Waltersdorf,50.86899,14.64971
02826,Görlitz,51.14820,14.97541
02827,Görlitz,51.11236,14.96343
02828,Görlitz,51.16145,14.97407
02829,Schöpstal,51.14685,14.88522
02894,Sohland am Rotstein,51.14060,14.79853
02899,Ostritz,51.01567,14.93134
02906,Mücka,51.28469,14.70593
02923,Neißeaue,51.23279,14.89521
02929,Rothenburg/Oberlausitz,51.33268,14.96544
02943,Boxberg/Oberlausitz,51.42693,14.59880
02953,Bad Muskau,51.53308,14.66234
02956,Rietschen,51.39641,14.78591
02957,Krauschwitz,51.52022,14.71466
02959,Schleife,51.53600,14.52900
02977,Hoyerswerda,51.42496,14.18617
02979,Elsterheide,51.50538,14.22786
02991,Elsterheide,51.45679,14.10083
02994,Wiednitz,51.37340,14.06791
02997,Wittichenau,51.38362,14.24319
02999,Lohsa,51.39418,14.39717
03042,Cottbus,51.76237,14.35869
03044,Cottbus,51.77754,14.33202
03046,Cottbus,51.75613,14.30925
03048,Cottbus,51.74444,14.31804
03050,Cottbus,51.73467,14.33738
03051,Cottbus,51.71096,14.35516
03052,Cottbus,51.76218,14.41730
03053,Cottbus,51.81064,14.38535
03054,Cottbus,51.81816,14.34063
03055,Cottbus,51.79419,14.30567
03058,Gablenz,51.74370,14.41743
03096,Guhrow,51.81359,14.18540
03099,Kolkwitz,51.74985,14.24469
03103,Neu-Seeland,51.60675,14.16326
03116,Drebkau,51.65575,14.22417
03119,Welzow,51.57997,14.17262
03130,Lieskau,51.58380,14.37591
03139,Terpe,51.16569,10.45153
03149,Wiesengrund,51.73070,14.57682
03159,Wiesengrund,51.63818,14.59961
03172,Atterwasch,51.94751,14.56902
03185,Grötsch,51.85744,14.41276
03197,Jänschwalde,51.86300,14.50936
03202,Luckow-Petershagen,51.16569,10.45153
03205,Groß-Mehßow,51.72805,13.90050
03222,Klein Radden,51.85668,13.90489
03226,Raddusch,51.78322,14.07570
03229,Altdöbern,51.64968,14.02560
03238,Dollenchen,51.59657,13.74282
03246,Babben,51.70969,13.78458
03249,Sonnewalde,51.70642,13.63103
03253,Tröbitz,51.64717,13.49567
04103,Leipzig,51.33027,12.38918
04105,Leipzig,51.34926,12.36101
04107,Leipzig,51.32965,12.37345
04109,Leipzig,51.33835,12.36345
04129,Leipzig,51.36164,12.39006
04155,Leipzig,51.36017,12.35856
04157,Leipzig,51.37466,12.37243
04158,Breitenfeld,51.40390,12.32307
04159,Leipzig,51.37922,12.30468
04177,Leipzig,51.34134,12.33543
04178,Burghausen,51.36049,12.28212
04179,Leipzig,51.34866,12.31670
04205,Leipzig,51.32698,12.27035
04207,Leipzig,51.31100,12.27055
04209,Leipzig,51.31879,12.29454
04229,Leipzig,51.32245,12.33796
04249,Leipzig,51.27899,12.29654
04275,Leipzig,51.32162,12.37061
04277,Leipzig,51.30780,12.37540
04279,Leipzig,51.29465,12.39883
04288,Leipzig,51.29289,12.46455
04289,Leipzig,51.29381,12.43147
04299,Leipzig,51.32004,12.42603
04315,Leipzig,51.34400,12.41006
04316,Leipzig,51.32454,12.45335
04317,Leipzig,51.33038,12.40504
04318,Leipzig,51.33667,12.42879
04319,Leipzig,51.34339,12.48861
04328,Sellerhausen-Stünz,51.34618,12.44533
04329,Leipzig,51.35828,12.47535
04347,Leipzig,51.35848,12.42395
04349,Leipzig,51.38009,12.43471
04356,Leipzig,51.41956,12.42578
04357,Leipzig,51.37519,12.41276
04416,Markkleeberg,51.27003,12.38041
04420,Großlehna,51.28787,12.21271
04425,Taucha,51.39015,12.50087
04435,Schkeuditz,51.41283,12.23891
04442,Zwenkau,51.21217,12.32518
04451,Borsdorf,51.34899,12.54607
04460,Kitzen,51.16569,10.45153
04463,Großpösna,51.23772,12.48312
04509,Zschortau,51.52335,12.30296
04519,Rackwitz,51.46928,12.35978
04523,Elstertrebnitz,51.16777,12.24784
04539,Groitzsch,51.15336,12.28333
04552,Wyhratal,51.13041,12.49305
04564,Böhlen,51.20128,12.38830
04565,Regis-Breitingen,51.09314,12.39589
04567,Kitzscher,51.18811,12.54857
04571,Rötha,51.19588,12.42756
04574,Deutzen,51.12340,12.43507
04575,Neukieritzsch,51.14999,12.41049
04579,Espenhain,51.16569,10.45153
04600,Altenburg,50.98889,12.42907
04603,Göhren,50.98289,12.48458
04610,Wintersdorf,51.05848,12.37304
04613,Lucka,51.09470,12.33270
04617,Lödla,51.01804,12.35491
04618,Langenleuba-Niederhain,50.95966,12.58894
04626,Heukewalde,50.88529,12.31009
04639,Gößnitz,50.85694,12.42387
04643,Geithain,51.05507,12.68595
04651,Eulatal,51.13544,12.64179
04654,Frohburg,51.05764,12.57690
04655,Kohren-Sahlis,51.01733,12.60648
04657,Narsdorf,51.01623,12.71699
04668,Grimma,51.21877,12.75372
04680,Colditz,51.13223,12.80021
04683,Belgershain,51.27875,12.59181
04685,Nerchau,51.29163,12.78663
04687,Trebsen/Mulde,51.28787,12.75821
04688,Mutzschen,51.24045,12.91461
04703,Bockelwitz,51.15647,12.92710
04720,Ebersbach,51.13432,13.12724
04736,Waldheim,51.07379,13.02770
04741,Roßwein,51.07592,13.17323
04746,Hartha,51.09635,12.97257
04749,Ostrau,51.20654,13.14695
04758,Cavertitz,51.34915,13.11114
04769,Sornzig-Ablaß,51.23638,13.04522
04774,Dahlen,51.37363,12.98896
04779,Wermsdorf,51.32142,12.97913
04808,Thallwitz,51.38083,12.82912
04821,Brandis,51.32997,12.61343
04824,Beucha,51.32281,12.56179
04827,Machern,51.35849,12.62861
04828,Bennewitz,51.36439,12.68831
04838,Doberschütz,51.48690,12.64120
04849,Kossa,51.60345,12.65036
04860,Pflückuff,51.54863,12.95254
04862,Mockrehna,51.50774,12.81693
04874,Belgern,51.48240,13.12558
04880,Trossin,51.63867,12.87917
04886,Beilrode,51.57648,13.08535
04889,Schildau,51.45650,12.92728
04895,Falkenberg/Elster,51.59237,13.22793
04910,Haida,51.46332,13.51050
04916,Stolzenhain,51.72081,13.22980
04924,Bad Liebenwerda,51.53215,13.37895
04928,Kahla,51.46716,13.61974
04931,Mühlberg (Elbe),51.43440,13.22132
04932,Merzdorf,51.40396,13.57316
04934,Dreska,51.49818,13.55961
04936,Proßmarke,51.74171,13.42121
04938,Uebigau-Wahrenbrück,51.59510,13.30070
06108,Halle,51.48726,11.96004
06110,Halle,51.46979,11.97441
06112,Halle,51.46761,11.99542
06114,Halle,51.50329,11.95969
06116,Halle,51.47877,12.03658
06118,Halle,51.51263,11.97733
06120,Halle,51.51197,11.90121
06122,Halle,51.48381,11.92824
06124,Halle,51.47388,11.92228
06126,Halle,51.47906,11.90274
06128,Halle,51.45927,11.94751
06130,Halle,51.45088,11.97351
06132,Halle,51.42584,11.98527
06179,Schkopau,51.45646,11.81881
06184,Dölbau,51.45087,12.07967
06188,Queis,51.53243,12.11555
06193,Plötz,51.60535,11.92700
06198,Gimritz,51.52520,11.82739
06217,Beuna,51.35483,11.97920
06231,Oebles-Schlechtewitz,51.27929,12.09208
06237,Spergau,51.32287,12.08202
06242,Krumpa,51.27917,11.88817
06246,Bad Lauchstädt,51.38820,11.86378
06249,Mücheln (Geiseltal),51.30808,11.81340
06254,Zöschen,51.35911,12.08754
06255,Schafstädt,51.34727,11.79385
06258,Schkopau Schkopau,51.38975,12.05287
06259,Frankleben,51.31296,11.93314
06268,Schmon,51.34216,11.58123
06279,Farnstädt,51.42958,11.61077
06295,Rottelsdorf,51.55200,11.61145
06308,Klostermansfeld,51.58307,11.49236
06311,Helbra,51.55473,11.48762
06313,Ahlsdorf,51.53417,11.48229
06317,Amsdorf,51.46083,11.67133
06318,Wansleben am See,51.45848,11.74907
06333,Arnstedt,51.66227,11.46802
06343,Biesenrode,51.59819,11.45869
06347,Ihlewitz,51.63335,11.62495
06348,Großörner,51.16569,10.45153
06366,Köthen,51.73980,11.97076
06369,Reupzig,51.71349,12.01830
06385,Aken,51.83933,12.04390
06386,Hinsdorf,51.77197,12.07353
06388,Maasdorf,51.68128,11.91583
06406,Bernburg,51.78050,11.78196
06408,Gröna,51.80198,11.66856
06420,Rothenburg,51.67516,11.76621
06425,Beesenlaublingen,51.69948,11.67058
06429,Pobzig,51.83626,11.76606
06449,Aschersleben Winningen,51.77931,11.47298
06456,Freckleben,51.67669,11.56713
06458,Heteborn,51.87194,11.29165
06463,Meisdorf,51.74035,11.32522
06464,Frose,51.79480,11.36962
06466,Gatersleben,51.82357,11.28661
06467,Hoym,51.78418,11.31407
06469,Nachterstedt,51.80185,11.33490
06484,Ditfurt,51.81207,11.13572
06493,Ballenstedt,51.64225,11.12517
06502,Thale,51.72880,11.00040
06507,Stecklenberg,51.16569,10.45153
06526,Sangerhausen,51.49770,11.29819
06528,Emseloh,51.45058,11.23554
06536,Bennungen,51.46302,11.06951
06537,Tilleda,51.43769,11.09328
06542,Nienstedt,51.40467,11.38577
06543,Braunschwende,51.63498,11.31101
06547,Breitenstein,51.16569,10.45153
06556,Artern,51.36678,11.29191
06567,Esperstedt,51.35633,11.11089
06571,Roßleben,51.28863,11.37115
06577,Oberheldrungen,51.30077,11.21773
06578,Bilzingsleben,51.29237,11.11387
06618,Naumburg,51.10502,11.82778
06628,Abtlöbnitz,51.13382,11.72678
06632,Zeuchfeld,51.23826,11.76903
06636,Kirchscheidungen,51.21757,11.65896
06638,Karsdorf,51.27198,11.65607
06642,Wohlmirstedt,51.25181,11.52892
06647,Thalwinkel,51.18797,11.53109
06648,Herrengosserstedt,51.12419,11.53323
06667,Reichardtswerben,51.20958,11.94525
06679,Granschütz,51.15637,12.09987
06682,Schelkau,51.12305,12.02670
06686,Poserna,51.25559,12.14097
06688,Wengelsdorf,51.26099,12.02650
06712,Zeitz,51.01843,12.15186
06721,Meineweh,51.07981,11.93027
06722,Weickelsdorf,51.00979,12.03229
06724,Bröckau,50.98938,12.25136
06725,Reuden,51.16569,10.45153
06727,Nonnewitz,51.16569,10.45153
06729,Langendorf,51.07623,12.20646
06731,Bitterfeld-Wolfen,51.16569,10.45153
06749,Friedersdorf,51.62096,12.33936
06766,Bobbau,51.66942,12.23527
06773,Gräfenhainichen,51.72882,12.45493
06774,Plodda,51.65850,12.42901
06779,Thurland,51.73073,12.26264
06780,Stumsdorf,51.63745,12.13243
06785,Horstdorf,51.79802,12.40465
06786,Gohrau,51.83833,12.45993
06791,Möhlau,51.16569,10.45153
06792,Sandersdorf,51.62995,12.25463
06794,Sandersdorf Ramsin,51.60107,12.19457
06796,Brehna,51.56156,12.21199
06800,Jeßnitz,51.68672,12.32446
06803,Greppin,51.65030,12.28962
06808,Holzweißig,51.60133,12.30711
06809,Roitzsch,51.57880,12.28350
06842,Dessau,51.81805,12.24180
06844,Dessau,51.85953,12.26080
06846,Dessau,51.84502,12.19483
06847,Dessau,51.80405,12.17663
06849,Dessau,51.79944,12.25377
06861,Dessau-Roßlau,51.89590,12.20168
06862,Roßlau,51.92402,12.25986
06869,Düben,51.93811,12.43055
06886,Lutherstadt Wittenberg,51.86694,12.59262
06888,Dietrichsdorf,51.84618,12.63547
06889,Lutherstadt Wittenberg,51.94568,12.65895
06895,Zahna,51.89458,12.83063
06901,Schnellin,51.78455,12.65939
06905,Korgau,51.69048,12.73535
06909,Priesitz,51.71591,12.79063
06917,Jessen (Elster) Leipa,51.83464,12.98299
06918,Listerfehrda,51.16569,10.45153
06922,Labrun,51.16569,10.45153
06925,Löben,51.73072,13.04439
06926,Reicho,51.16569,10.45153
06928,Linda (Elster),51.85088,13.03348
07318,Saalfeld/Saale,50.63519,11.35947
07330,Marktgölitz,50.52977,11.38280
07333,Unterwellenborn,50.65498,11.43811
07334,Goßwitz,50.63015,11.46345
07336,Könitz,51.16569,10.45153
07338,Hohenwarte,50.58139,11.47863
07343,Wurzbach,50.46262,11.53720
07349,Lehesten,50.45783,11.45577
07356,Neundorf (bei Lobenstein),50.44155,11.61814
07366,Blankenberg,50.41323,11.69093
07368,Remptendorf,50.54763,11.60602
07381,Moxa,50.70572,11.60129
07387,Krölpa,50.67726,11.54005
07389,Knau,50.66201,11.56757
07407,Großkochberg,50.73282,11.32871
07422,Rottenbach,50.64584,11.25088
07426,Dröbischau,50.65898,11.11527
07427,Schwarzburg,50.64540,11.20136
07429,Döschnitz,50.61378,11.20268
07545,Gera,50.88052,12.08051
07546,Gera,50.88096,12.10698
07548,Gera,50.88268,12.03462
07549,Gera,50.84455,12.06258
07551,Gera,50.83797,12.10871
07552,Gera,50.91966,12.05281
07554,Kauern,50.91442,12.13504
07557,Zedlitz,50.81461,12.03238
07570,Steinsdorf,50.77886,12.01822
07580,Ronneburg,50.86449,12.18073
07586,Hartmannsdorf,50.92995,12.01063
07589,Münchenbernsdorf,50.84800,11.96203
07607,Hainspitz,50.96627,11.89079
07613,Silbitz,50.96331,11.98367
07616,Nausnitz,50.93901,11.75028
07619,Mertendorf,51.04167,11.82181
07629,Reichenbach,50.89461,11.85948
07639,Tautenhain,50.92224,11.87041
07646,Albersdorf,50.85628,11.77906
07743,Jena,50.96390,11.60249
07745,Jena,50.90448,11.56329
07747,Jena,50.88700,11.61599
07749,Jena,50.93424,11.60715
07751,Löberschütz,50.87536,11.62055
07768,Bibra,50.80012,11.58376
07774,Thierschneck,51.05419,11.70604
07778,Lehesten,50.99595,11.62200
07806,Dreba,50.73505,11.72756
07819,Triptis,50.72386,11.83699
07907,Tegau,50.59733,11.83993
07919,Mühltroff,50.53947,11.92895
07922,Tanna,50.49371,11.85663
07924,Eßbach,50.59980,11.71302
07926,Gefell,50.43941,11.86180
07927,Hirschberg,50.40594,11.81854
07929,Saalburg-Ebersdorf,50.48444,11.66728
07937,Zeulenroda,50.62924,12.03912
07950,Merkendorf,50.69536,12.01062
07952,Pausa,50.59186,11.99433
07955,Auma,50.70673,11.90109
07957,Langenwetzendorf,50.67949,12.09402
07958,Hohenleuben,50.71091,12.05318
07973,Greiz,50.65507,12.19363
07980,Neumühle,50.74430,12.14674
07985,Vogtländisches Oberland,50.60956,12.17024
07987,Mohlsdorf,50.69816,12.23420
07989,Teichwolframsdorf,50.72505,12.21195
08056,Zwickau,50.70174,12.49514
08058,Zwickau,50.73672,12.47987
08060,Zwickau,50.72781,12.44914
08062,Zwickau,50.69681,12.46765
08064,Zwickau,50.67743,12.47548
08066,Zwickau,50.73213,12.50630
08107,Hirschfeld,50.59274,12.54662
08112,Wilkau-Haßlau,50.67255,12.51186
08115,Lichtentanne,50.69254,12.42630
08118,Hartenstein Hartenstein,50.66195,12.67137
08132,Mülsen Wulm,50.74021,12.57766
08134,Wildenfels Wiesen,50.66835,12.60888
08141,Reinsdorf,50.69349,12.54622
08144,Hirschfeld,50.62304,12.46217
08147,Crinitzberg,50.56228,12.51854
08209,Auerbach/Vogtland,50.48230,12.43222
08223,Grünbach,50.44813,12.35966
08228,Rodewisch,50.53112,12.40567
08233,Treuen,50.53712,12.31343
08236,Ellefeld,50.48535,12.38610
08237,Steinberg,50.53907,12.50268
08239,Bergen,50.47980,12.29066
08248,Klingenthal/Sachsen,50.39335,12.47813
08258,Markneukirchen,50.30514,12.32450
08261,Schöneck/Vogtland,50.38806,12.33289
08262,Tannenbergsthal/Vogtland,50.43176,12.46426
08265,Erlbach,50.31501,12.37874
08267,Zwota,50.35420,12.43351
08269,Hammerbrücke,50.43501,12.41476
08280,Aue,50.59431,12.70618
08289,Schneeberg,50.59098,12.64003
08294,Lößnitz,50.61556,12.75211
08297,Zwönitz,50.64951,12.82578
08301,Schlema,50.60500,12.67115
08304,Schönheide,50.49342,12.52332
08309,Eibenstock,50.49494,12.59966
08312,Lauter/Sachsen,50.55545,12.72441
08315,Bernsbach,50.57667,12.77032
08321,Zschorlau,50.56281,12.64111
08324,Bockau,50.54225,12.68575
08325,"Carlsfeld, Erzgebirge",51.16569,10.45153
08326,Sosa,50.48265,12.66937
08328,Stützengrün,50.53349,12.54146
08340,Beierfeld,50.52933,12.77012
08344,Grünhain,50.56803,12.79789
08349,Johanngeorgenstadt,50.43236,12.69667
08352,Pöhla,50.52013,12.85254
08355,Rittersgrün,51.16569,10.45153
08359,Breitenbrunn/Erzgebirge,50.46627,12.76985
08371,Glauchau,50.80658,12.54990
08373,Remse,50.85536,12.56430
08393,Meerane,50.85587,12.48523
08396,Waldenburg,50.88713,12.58658
08412,Leubnitz,50.74101,12.37568
08427,Fraureuth,50.70077,12.35768
08428,Langenbernsdorf,50.74986,12.29311
08432,Steinpleis,50.72044,12.38294
08439,Langenhessen,51.16569,10.45153
08451,Crimmitschau,50.80733,12.34760
08459,Neukirchen/Pleiße,50.78556,12.40287
08468,Reichenbach/Vogtland,50.62036,12.32180
08485,Lengenfeld,50.56931,12.36611
08491,Netzschkau,50.61352,12.24518
08496,Neumark,50.66039,12.35594
08499,Mylau,50.62408,12.26243
08523,Plauen,50.49791,12.11391
08525,Plauen,50.50712,12.13636
08527,Plauen,50.48630,12.13816
08529,Plauen,50.49430,12.17296
08538,Reuth,50.44742,12.05806
08539,Mehltheuer,50.52870,11.99549
08541,Neuensalz,50.50355,12.22399
08543,Pöhl,50.55798,12.17181
08547,Jößnitz,50.55170,12.12674
08548,Syrau,50.54354,12.07828
08606,Bösenbrunn,50.36256,12.07973
08626,Adorf,50.34531,12.24269
08645,Bad Elster,50.28218,12.23254
08648,Bad Brambach,50.22131,12.30798
09028,"Chemnitz, Sachsen",51.16569,10.45153
09030,"Chemnitz, Sachsen",51.16569,10.45153
09111,Chemnitz,50.83652,12.92393
09112,Chemnitz,50.83306,12.90770
09113,Chemnitz,50.84601,12.91011
09114,Chemnitz,50.86813,12.91212
09116,Chemnitz,50.82902,12.87297
09117,Chemnitz,50.82207,12.84056
09119,Chemnitz,50.81758,12.89595
09120,Chemnitz,50.80426,12.90518
09122,Chemnitz,50.79615,12.88223
09123,Chemnitz,50.78687,12.89459
09125,Chemnitz,50.79411,12.93313
09126,Chemnitz,50.81911,12.93768
09127,Chemnitz,50.81833,12.96552
09128,"Chemnitz, Sachsen",50.80179,13.02085
09130,Chemnitz,50.83594,12.95582
09131,Chemnitz,50.86451,12.95695
09212,Limbach-Oberfrohna,50.86763,12.71592
09217,Burgstädt,50.92614,12.80866
09221,Neukirchen/Erzgebirge,50.77937,12.86698
09224,Mittelbach bei Chemnitz,50.81819,12.78047
09227,Einsiedel bei Chemnitz,51.16569,10.45153
09228,Wittgensdorf,50.88239,12.86868
09232,Hartmannsdorf,50.88007,12.79458
09235,Burkhardtsdorf,50.73442,12.92250
09236,Claußnitz,50.94093,12.89042
09241,Mühlau,50.89960,12.76530
09243,Niederfrohna,50.88352,12.73783
09244,Lichtenau,50.91406,12.94737
09247,Röhrsdorf,50.86091,12.83627
09249,Taura,50.91765,12.84337
09306,Erlau,51.04474,12.79055
09322,Penig,50.93845,12.69751
09326,Geringswalde,51.07780,12.90570
09328,Lunzenau,50.96988,12.74854
09337,Hohenstein-Ernstthal,50.83470,12.67893
09350,Lichtenstein/Sachsen,50.75478,12.62715
09353,Oberlungwitz,50.78639,12.72377
09355,Gersdorf,50.75841,12.71002
09356,Sankt Egidien,50.78916,12.61452
09366,Niederdorf,50.69884,12.76160
09376,Oelsnitz/Erzgebirge,50.71074,12.70182
09380,Thalheim / Erzgebirge,50.70544,12.84451
09385,Lugau/Erzgebirge,50.73995,12.74666
09387,Jahnsdorf/Erzgebirge,50.76554,12.80217
09390,Gornsdorf,50.70870,12.88601
09392,Auerbach,50.68768,12.91218
09394,Hohndorf,50.74544,12.67425
09395,Hormersdorf,50.66917,12.88573
09399,Niederwürschnitz,50.72122,12.75506
09405,Gornau/Erzgebirge,50.74734,13.07458
09419,Thum,50.67045,12.95129
09423,Gelenau/Erzgebirge,50.71464,12.95064
09427,Ehrenfriedersdorf,50.64812,12.96868
09429,Wolkenstein,50.65586,13.07033
09430,Drebach,50.67605,13.02002
09432,Großolbersdorf,50.69457,13.08882
09435,Scharfenstein,51.16569,10.45153
09437,Waldkirchen/Erzgebirge,50.75080,13.14127
09439,Amtsberg,50.73423,13.01087
09456,Annaberg-Buchholz,50.58150,13.05523
09465,Sehmatal,50.48468,12.98061
09468,Tannenberg,50.62445,12.90841
09471,Bärenstein,50.54918,13.04805
09474,Crottendorf,50.51179,12.93933
09477,Jöhstadt,50.53208,13.11900
09481,Elterlein,50.57713,12.86819
09484,Oberwiesenthal,50.44052,12.95267
09487,Schlettau,50.56664,12.95388
09488,Wiesa,50.61050,13.02034
09496,Pobershau,50.60886,13.18468
09509,Pockau,50.70373,13.22579
09514,Lengefeld,50.73531,13.18669
09517,Zöblitz,50.65828,13.25945
09518,Großrückerswalde,50.62969,13.11762
09526,Heidersdorf,50.65884,13.33813
09544,Neuhausen/Erzgebirge,50.67679,13.46913
09548,Deutschneudorf,50.64835,13.45242
09557,Flöha,50.85149,13.09562
09569,Gahlenz,50.87366,13.17955
09573,Augustusburg,50.80817,13.10433
09575,Eppendorf,50.79224,13.24328
09577,Niederwiesa,50.86332,13.01543
09579,Grünhainichen,50.77278,13.18264
09599,Freiberg,50.90939,13.32919
09600,Weißenborn/Erzgebirge,50.89707,13.25384
09603,Großschirma,50.96611,13.31116
09618,Großhartmannsdorf,50.79881,13.32184
09619,Sayda,50.76124,13.41921
09623,Rechenberg-Bienenmühle,50.76279,13.54376
09627,Bobritzsch,50.89821,13.43621
09629,Reinsberg,51.00983,13.37793
09633,Halsbrücke,50.95504,13.34768
09634,Siebenlehn,51.03903,13.35511
09638,Lichtenberg/Erzgebirge,50.84431,13.40595
09648,Mittweida,50.97096,12.97611
09661,Striegistal,51.00704,13.12557
09669,Frankenberg/Sachsen,50.91810,13.06856
10115,Berlin,52.53261,13.37770
10117,Berlin,52.51551,13.38475
10119,Berlin,52.53074,13.40581
10178,Berlin,52.52219,13.40933
10179,Berlin,52.51214,13.41405
10243,Berlin Friedrichshain,52.51475,13.43856
10245,Berlin Friedrichshain,52.50193,13.45545
10247,Berlin Friedrichshain,52.51734,13.46308
10249,Berlin Friedrichshain,52.52395,13.44118
10315,Berlin,52.51547,13.51447
10317,Berlin,52.49854,13.48475
10318,Berlin,52.48104,13.51865
10319,Berlin,52.49583,13.51371
10365,Berlin,52.51909,13.49495
10367,Berlin,52.52051,13.48000
10369,Berlin,52.52852,13.46677
10405,Berlin,52.53419,13.42301
10407,Berlin,52.53445,13.45607
10409,Berlin,52.54340,13.44136
10435,Berlin,52.53845,13.40962
10437,Berlin,52.54551,13.40729
10439,Berlin,52.55173,13.41230
10551,Berlin,52.53167,13.33855
10553,Berlin,52.52820,13.32138
10555,Berlin,52.52246,13.33596
10557,Berlin,52.52317,13.36532
10559,Berlin,52.53191,13.34834
10585,Berlin,52.51511,13.30531
10587,Berlin,52.51708,13.32366
10589,Berlin,52.52988,13.30674
10623,Berlin,52.50704,13.32840
10625,Berlin,52.50871,13.31376
10627,Berlin,52.50740,13.30153
10629,Berlin,52.50184,13.30267
10707,Berlin,52.49502,13.31478
10709,Berlin,52.49221,13.30375
10711,Berlin,52.49902,13.29164
10713,Berlin,52.48687,13.31373
10715,Berlin,52.48373,13.33048
10717,Berlin,52.49078,13.32815
10719,Berlin,52.49933,13.32461
10777,Berlin,52.49723,13.34290
10779,Berlin,52.49210,13.34038
10781,Berlin,52.49341,13.35261
10783,Berlin,52.49771,13.36246
10785,Berlin,52.50691,13.36505
10787,Berlin,52.50943,13.34309
10789,Berlin,52.50118,13.33808
10823,Berlin,52.48570,13.34883
10825,Berlin,52.48397,13.34025
10827,Berlin,52.48304,13.35428
10829,Berlin,52.48038,13.35973
10961,Berlin Kreuzberg,52.49309,13.39686
10963,Berlin Kreuzberg,52.49860,13.37836
10965,Berlin Kreuzberg,52.48538,13.39890
10967,Berlin Kreuzberg,52.49093,13.41614
10969,Berlin Kreuzberg,52.50271,13.40165
10997,Berlin Kreuzberg,52.50041,13.43340
10999,Berlin Kreuzberg,52.49569,13.42720
11011,Berlin,51.16569,10.45153
12043,Berlin,52.47775,13.44154
12045,Berlin,52.48672,13.43437
12047,Berlin,52.49013,13.42832
12049,Berlin,52.47729,13.42198
12051,Berlin,52.46683,13.43034
12053,Berlin,52.47602,13.43295
12055,Berlin,52.47135,13.44997
12057,Berlin,52.46858,13.46214
12059,Berlin,52.48054,13.45259
12099,Berlin,52.45909,13.40333
12101,Berlin,52.47618,13.39630
12103,Berlin,52.46394,13.37289
12105,Berlin,52.44531,13.37950
12107,Berlin,52.43341,13.39067
12109,Berlin,52.44673,13.40198
12157,Berlin,52.46580,13.34485
12159,Berlin,52.47369,13.33521
12161,Berlin,52.46939,13.32538
12163,Berlin,52.46318,13.32040
12165,Berlin,52.45738,13.31178
12167,Berlin,52.44995,13.32851
12169,Berlin,52.45553,13.33980
12203,Berlin,52.44263,13.31034
12205,Berlin,52.43319,13.29801
12207,Berlin,52.42125,13.30758
12209,Berlin,52.41825,13.32884
12247,Berlin,52.43951,13.34337
12249,Berlin,52.42734,13.34911
12277,Berlin,52.41074,13.37565
12279,Berlin,52.41110,13.34885
12305,Berlin,52.40523,13.39994
12307,Berlin,52.38249,13.39938
12309,Berlin,52.39009,13.41655
12347,Berlin,52.45058,13.43004
12349,Berlin,52.42790,13.41498
12351,Berlin,52.43421,13.45606
12353,Berlin,52.42281,13.45740
12355,Berlin,52.40750,13.49756
12357,Berlin,52.42758,13.48821
12359,Berlin,52.44805,13.45197
12435,Berlin,52.48399,13.46978
12437,Berlin,52.46091,13.48155
12439,Berlin,52.44960,13.52407
12459,Berlin,52.46095,13.52801
12487,Berlin,52.43828,13.51286
12489,Berlin,52.43702,13.54705
12524,Berlin,52.41266,13.54651
12526,Berlin,52.39968,13.57468
12527,Berlin,52.39216,13.62912
12529,Schönefeld,52.36907,13.50165
12555,Berlin,52.46224,13.58676
12557,Berlin,52.42677,13.58838
12559,Berlin,52.41692,13.64929
12587,Berlin,52.46137,13.64061
12589,Berlin,52.44850,13.70397
12619,Berlin,52.52426,13.59064
12621,Berlin,52.50511,13.58840
12623,Berlin,52.50329,13.60731
12627,Berlin,52.53795,13.61304
12629,Berlin,52.54042,13.59185
12679,Berlin,52.54801,13.56174
12681,Berlin,52.55464,13.53981
12683,Berlin,52.49816,13.55819
12685,Berlin,52.53795,13.56643
12687,Berlin,52.55640,13.56399
12689,Berlin,52.56450,13.57193
13047,Bezirksamt Hohenschönhausen von Berlin,51.16569,10.45153
13051,Berlin,52.58201,13.49131
13053,Berlin,52.55591,13.50550
13055,Berlin,52.53831,13.49864
13057,Berlin,52.57305,13.54511
13059,Berlin,52.57861,13.52069
13086,Berlin,52.55456,13.44665
13088,Berlin,52.55931,13.47615
13089,Berlin,52.56868,13.44201
13125,Berlin,52.63256,13.47758
13127,Berlin,52.61107,13.42807
13129,Berlin,52.59335,13.45831
13156,Berlin,52.58189,13.39813
13158,Berlin,52.59172,13.38359
13159,Berlin,52.62475,13.40377
13187,Berlin,52.57207,13.41266
13189,Berlin,52.56009,13.42225
13347,Berlin,52.54968,13.36434
13349,Berlin,52.55876,13.34369
13351,Berlin,52.55031,13.33909
13353,Berlin,52.54112,13.35093
13355,Berlin,52.54206,13.39010
13357,Berlin,52.55047,13.37868
13359,Berlin,52.55917,13.38304
13403,Berlin,52.57405,13.31865
13405,Berlin,52.55828,13.30984
13407,Berlin,52.57366,13.35145
13409,Berlin,52.56931,13.37147
13435,Berlin,52.60191,13.34209
13437,Berlin,52.58754,13.33460
13439,Berlin,52.59508,13.35423
13465,Berlin,52.63242,13.28807
13467,Berlin,52.61424,13.30552
13469,Berlin,52.61305,13.33981
13503,Berlin,52.61062,13.24179
13505,Berlin,52.58836,13.24640
13507,Berlin,52.57473,13.27069
13509,Berlin,52.58909,13.30330
13581,Berlin,52.52991,13.18706
13583,Berlin,52.54155,13.18336
13585,Berlin,52.54668,13.20678
13587,Berlin,52.57275,13.19242
13589,Berlin,52.56575,13.15814
13591,Berlin,52.53486,13.14319
13593,Berlin,52.51864,13.16964
13595,Berlin,52.50767,13.19169
13597,Berlin,52.52958,13.21391
13599,Berlin,52.54850,13.23856
13627,Berlin,52.54100,13.30446
13629,Berlin,52.54003,13.26534
14050,Berlin,52.51950,13.27269
14052,Berlin,52.51274,13.25952
14053,Berlin,52.52064,13.22746
14055,Berlin,52.50270,13.23555
14057,Berlin,52.50649,13.28564
14059,Berlin,52.52126,13.28707
14089,Berlin,52.47414,13.15233
14109,Berlin,52.41511,13.14687
14129,Berlin,52.43072,13.20056
14131,Berlin,51.16569,10.45153
14163,Berlin,52.44796,13.23973
14165,Berlin,52.41597,13.25879
14167,Berlin,52.41945,13.27589
14169,Berlin,52.44221,13.26535
14193,Berlin,52.46753,13.21073
14195,Berlin,52.45325,13.28855
14197,Berlin,52.47213,13.31443
14199,Berlin,52.47679,13.29620
14461,Stadtverwaltung Potsdam,51.16569,10.45153
14467,Potsdam,52.39977,13.06656
14469,Potsdam,52.42821,13.03034
14471,Potsdam,52.37679,13.00575
14473,Potsdam,52.37191,13.04936
14476,Uetz-Paaren,52.46992,12.99658
14478,Potsdam,52.36701,13.09298
14480,Potsdam,52.37401,13.12702
14482,Potsdam,52.38756,13.10287
14513,Teltow,52.38996,13.27304
14532,Stahnsdorf,52.36147,13.19002
14542,Werder (Havel),52.36479,12.87007
14547,Beelitz,52.22866,12.92762
14548,Schwielowsee,52.30536,12.91826
14550,Groß Kreutz,52.40377,12.78065
14552,Tremsdorf,52.30971,13.07311
14554,Seddiner See,52.27946,13.00514
14557,Langerwisch,51.16569,10.45153
14558,Bergholz-Rehbrücke,52.32370,13.14108
14612,Falkensee,52.56966,13.07517
14621,Schönwalde,52.60021,13.13416
14624,Dallgow-Döberitz,52.51651,13.06501
14627,Elstal,51.16569,10.45153
14641,Wachow,52.63142,12.81202
14656,Brieselang,52.58271,12.95817
14662,Friesack,52.73483,12.57911
14669,Ketzin,52.50989,12.83148
14712,Rathenow,52.60767,12.32644
14715,Kotzen,52.59790,12.52041
14727,Premnitz,52.53946,12.35643
14728,Gollenberg,52.72889,12.41213
14770,Brandenburg an der Havel,52.40863,12.51723
14772,Brandenburg an der Havel,52.43116,12.53063
14774,Brandenburg an der Havel,52.40321,12.41605
14776,Brandenburg an der Havel,52.38771,12.56081
14778,Wust,52.48522,12.56010
14789,Wusterwitz,52.36809,12.33949
14793,Rottstock,52.26741,12.28739
14797,Kloster Lehnin,52.34271,12.67683
14798,Havelsee,52.50645,12.46318
14806,Schwanebeck,52.17817,12.60060
14822,Mühlenfließ,52.20037,12.79268
14823,Niemegk,52.07082,12.69015
14827,Wiesenburg,52.11411,12.45576
14828,Görzke,52.17178,12.37473
14913,Wahlsdorf,51.95066,13.09874
14929,Treuenbrietzen,52.06461,12.85014
14943,Lühsdorf,52.08189,13.17706
14947,Nuthe-Urstromtal,52.06015,13.27313
14959,Trebbin,52.23178,13.18850
14974,Ludwigsfelde,52.27808,13.25691
14979,Großbeeren,52.36873,13.31653
15230,Frankfurt (Oder),52.33675,14.55523
15232,Frankfurt (Oder),52.32954,14.53736
15234,Frankfurt (Oder),52.34988,14.47204
15236,Jacobsdorf Jacobsdorf,52.29345,14.48893
15295,Ziltendorf,52.25402,14.57547
15299,Müllrose,52.25235,14.42095
15306,Lindendorf Neu Mahlisch,52.49430,14.36042
15320,Sietzing,52.59596,14.23637
15324,Letschin,52.64405,14.36122
15326,Fichtenhöhe Carzig,52.42677,14.46597
15328,Reitwein,52.55133,14.55333
15344,Strausberg,52.56010,13.90876
15345,Prötzel,52.62518,13.91087
15366,Münchehofe,52.50241,13.66124
15370,Fredersdorf-Vogelsdorf,52.52719,13.77215
15372,Müncheberg,51.16569,10.45153
15374,Müncheberg,52.51119,14.13387
15377,Oberbarnim,52.56800,14.07353
15378,Hennickendorf,52.48192,13.84924
15517,Fürstenwalde/Spree,52.36802,14.05947
15518,Madlitz-Wilmersdorf,52.38647,14.19504
15526,Bad Saarow Petersdorf,52.26236,14.03594
15528,Grünheide (Mark) Spreeau,52.34235,13.87464
15537,Gosen,52.42163,13.88462
15562,Rüdersdorf bei Berlin,52.46458,13.79760
15566,Schöneiche bei Berlin,52.47882,13.69989
15569,Woltersdorf,52.45741,13.75100
15711,Schenkendorf,52.29486,13.62672
15732,Waltersdorf,52.35460,13.57938
15738,Zeuthen,52.34637,13.62229
15741,Motzen,52.22240,13.64438
15745,Wildau,52.31704,13.62239
15746,Groß Köris,52.16468,13.69362
15748,Münchehofe,52.13705,13.81707
15749,Gallun,52.25648,13.53819
15751,,51.16569,10.45153
15752,Streganz,51.16569,10.45153
15754,Gussow,52.29584,13.79010
15755,Töpchin,52.13471,13.61459
15757,Briesen,52.10664,13.70189
15758,,51.16569,10.45153
15806,Zossen,52.22567,13.43068
15827,Dahlewitz,52.33054,13.41321
15831,Groß Kienitz,52.35440,13.39417
15834,Rangsdorf,52.28710,13.46102
15837,Baruth/Mark,52.03348,13.50421
15838,Kummersdorf-Gut,52.13528,13.37090
15848,Tauche Tauche,52.15111,14.14896
15859,Storkow (Mark) Selchow,52.24406,13.91797
15864,Diensdorf-Radlow,52.21586,14.00835
15868,Doberburg,51.98339,14.29955
15890,Eisenhüttenstadt Fürstenberg,52.16503,14.56099
15898,Neuzelle Möbiskruge,52.08840,14.64540
15907,Lübben (Spreewald),51.94488,13.88853
15910,Schlepzig,51.99014,13.77779
15913,Sacrow-Waldow,51.91288,14.12376
15926,Bersteland,51.85360,13.75045
15936,Dahme/Mark,51.87042,13.42378
15938,Steinreich Sellendorf,51.97487,13.59976
16225,Eberswalde,52.83491,13.79844
16227,Eberswalde,52.84191,13.73910
16230,Melchow,52.87955,13.81710
16244,Altenhof,52.84992,13.68287
16247,Ziethen,52.97946,13.74486
16248,Bölkendorf,52.92156,14.07997
16259,Altglietzen,52.79807,14.01577
16269,Bliesdorf Bliesdorf,52.70157,14.09171
16278,Angermünde,53.04259,13.98426
16303,Schwedt/Oder,53.07186,14.28628
16306,Berkholz-Meyenburg,53.21125,14.20947
16307,Neurochlitz,53.23690,14.37414
16321,Bernau,52.68748,13.56728
16341,Schwanebeck,52.64203,13.53676
16348,Klosterfelde,52.78360,13.49036
16352,Schönerlinde,51.16569,10.45153
16356,Seefeld,52.62056,13.67405
16359,Biesenthal,52.76525,13.64496
16515,Oranienburg,52.74392,13.36149
16540,Stolpe,52.66215,13.26695
16547,Birkenwerder,52.70171,13.30185
16548,Glienicke/Nordbahn,52.62994,13.32738
16552,Schildow,52.64226,13.36970
16556,Borgsdorf,52.71440,13.27626
16559,Hammer,52.86777,13.42273
16562,Bergfelde,52.67157,13.31745
16565,Lehnitz,51.16569,10.45153
16567,Mühlenbeck,52.66239,13.36021
16727,Velten,52.68143,13.14458
16761,Hennigsdorf,52.64221,13.20298
16766,Oberkrämer,52.78381,13.00800
16767,Germendorf,52.72239,13.19159
16775,Zabelsdorf,53.05639,13.10828
16792,Wesendorf,53.00545,13.36551
16798,Fürstenberg/Havel,53.18071,13.14428
16816,Neuruppin,52.90784,12.77249
16818,Basdorf,52.90326,12.72486
16827,Alt Ruppin,52.98437,12.87082
16831,Rheinsberg Schwanow,53.11224,12.90053
16833,Fehrbellin Karwesee,52.76191,12.81194
16835,Rheinsberg Dierberg,52.96690,12.98502
16837,Wittstock/Dosse Zempow,53.16130,12.75199
16845,Temnitztal Garz,52.85830,12.43437
16866,Vehlow,52.98479,12.35979
16868,Wusterhausen (Dosse),52.90399,12.45388
16909,Wittstock/Dosse Wulfersdorf,53.12115,12.51526
16918,Wittstock/Dosse Freyenstein,53.28028,12.35521
16921,Alt Krüssow,51.16569,10.45153
16928,Lindenberg,53.13447,12.18056
16945,Meyenburg,53.31257,12.24274
16949,Putlitz,51.16569,10.45153
17033,Neubrandenburg,53.53293,13.26232
17034,Neubrandenburg,53.57466,13.28292
17036,Neubrandenburg,53.55304,13.32804
17039,Beseritz,53.60399,13.28988
17087,Altentreptow,53.68934,13.24371
17089,Werder,53.76084,13.29507
17091,Wildberg,53.65186,13.12414
17094,Holldorf,53.49616,13.31651
17098,Friedland,53.67573,13.55755
17099,Eichhorst,53.60793,13.47528
17109,Demmin,53.91171,13.03221
17111,Lindenberg,53.83658,13.01175
17121,Loitz,53.99776,13.15470
17126,Jarmen,53.92337,13.33650
17129,Plötz,53.91804,13.24177
17139,Duckow,53.73868,12.76657
17153,Briggow,53.66892,12.93076
17154,Neukalen,53.82033,12.79200
17159,Dargun,53.94054,12.86979
17166,Dalkendorf,53.75001,12.58823
17168,Thürkow,53.88256,12.58682
17179,Altkalen,53.97155,12.70468
17192,Waren (Müritz),53.51459,12.73048
17194,Vielist,53.58217,12.50996
17207,Gotthun,53.37563,12.59989
17209,Stuer,53.32468,12.45353
17213,Grüssow,53.44759,12.43199
17214,Silz,53.53348,12.42419
17217,Mallin,53.52350,13.05111
17219,Marihn,53.53678,12.93072
17235,Neustrelitz,53.34329,13.09026
17237,Carpin,53.35873,13.24523
17248,Rechlin,53.29200,12.74611
17252,Schwarz,53.27538,12.81752
17255,Wustrow,53.22691,12.96927
17258,Feldberger Seenlandschaft,53.35109,13.41070
17259,Feldberger Seenlandschaft,51.16569,10.45153
17268,Templin,53.18163,13.54788
17279,Lychen,53.21087,13.31538
17291,Grünow,53.31940,13.87248
17309,Marienthal,53.50257,13.99953
17321,Glashütte,53.51000,14.21318
17322,Pampow,53.49892,14.30434
17326,Brüssow,53.39779,14.13781
17328,Wollin,53.30035,14.21503
17329,Krackow,53.33916,14.34829
17335,Strasburg,53.51024,13.74507
17337,Uckerland,53.45040,13.80473
17348,Neu Käbelich,53.46141,13.58451
17349,Kublank,53.53530,13.59334
17358,Torgelow-Holländerei,53.62231,14.01364
17367,Eggesin,53.65297,14.12686
17373,Ueckermünde,53.73431,14.04799
17375,Grambin,53.71537,14.15981
17379,Ferdinandshof,53.66050,13.88720
17389,Anklam,53.83929,13.67289
17390,Schmatzin,53.93414,13.72120
17391,Iven,53.83945,13.47910
17392,Sarnow,53.76275,13.56938
17398,Neu Kosenow,53.79552,13.76374
17406,Usedom,53.87730,13.92264
17419,Korswandt,53.93924,14.18758
17424,Heringsdorf,53.94464,14.14255
17429,Bansin,53.94046,14.07175
17438,Wolgast,54.05210,13.74952
17440,Kröslin,53.98213,13.77864
17449,Trassenheide,54.11382,13.83271
17454,Zinnowitz,54.07533,13.90847
17459,Loddin,54.01268,14.04956
17489,Greifswald,54.07778,13.38036
17491,Greifswald,54.07809,13.42130
17493,Greifswald,54.09067,13.44257
17495,Züssow,53.97693,13.54890
17498,Dargelin,54.11842,13.37624
17506,Kammin,53.93365,13.42955
17509,Lubmin,54.08213,13.58567
18055,Rostock,54.08389,12.16664
18057,Rostock,54.09010,12.10587
18059,Papendorf,54.03269,12.09980
18069,Rostock,54.10240,12.07593
18106,Rostock,54.12482,12.05786
18107,Rostock,54.13953,12.03302
18109,Rostock,54.15221,12.06629
18119,Rostock,54.17183,12.09106
18146,Rostock,54.10216,12.16616
18147,Rostock,54.14633,12.11862
18181,Seeheilbad Graal-Müritz,54.24946,12.24619
18182,Bentwisch,54.17438,12.23619
18184,Thulendorf,54.07308,12.21219
18190,Sanitz,54.07741,12.37548
18195,Stubbendorf,54.02820,12.46361
18196,Damm,54.01376,12.21585
18198,Kritzmow,54.05172,12.05080
18209,Wittenbeck,54.09947,11.87608
18211,Retschow,54.13573,11.95561
18225,Kühlungsborn,54.14025,11.74367
18230,Bastorf,54.10838,11.67445
18231,Neubukow,51.16569,10.45153
18233,Rakow,54.01771,11.69805
18236,Kröpelin,54.06316,11.79680
18239,Bölkow,53.98913,11.89085
18246,Klein Belitz,53.86087,11.94391
18249,Tarnow,53.77814,12.01836
18258,Schwaan,53.93303,12.10239
18273,Güstrow,53.80006,12.21597
18276,Bülow,53.68329,12.09390
18279,Plaaz,53.76022,12.38723
18292,Bellin,53.68244,12.36276
18299,Dolgen,53.90807,12.34444
18311,Ribnitz-Damgarten,54.22209,12.40971
18314,Löbnitz,54.30752,12.61132
18317,Saal,54.31077,12.49967
18320,Dettmannsdorf,54.23283,12.62360
18334,Breesen,54.11052,12.65577
18337,Marlow,54.16125,12.46157
18347,Ahrenshoop,54.27395,12.33747
18356,Fuhlendorf,54.35401,12.63250
18374,Zingst,54.43159,12.79097
18375,Prerow,54.42158,12.51888
18435,Stralsund,54.33034,13.06895
18437,Stralsund,54.30298,13.05352
18439,Stralsund,54.30187,13.09481
18442,Wendorf,54.30052,12.92859
18445,Altenpleen,54.37122,13.02320
18461,Richtenberg,54.18562,12.88176
18465,Drechow,54.09133,12.76019
18469,Karnin,54.26756,12.81758
18507,Grimmen,54.11059,13.03430
18510,Elmenhorst,54.23840,13.10249
18513,Splietsdorf,54.06675,12.93058
18516,Süderholz,54.05891,13.16238
18519,Reinberg,54.19518,13.19044
18528,Bergen auf Rügen,54.41174,13.42585
18546,Sassnitz,54.53287,13.63562
18551,Glowe,54.52775,13.55347
18556,Putgarten,54.64393,13.34539
18565,Insel Hiddensee,54.55054,13.10574
18569,Kluis,54.50826,13.26102
18573,Altefähr,54.35521,13.28997
18574,Karnitz,54.29935,13.27464
18581,Putbus,54.35028,13.47676
18586,Sellin,54.34211,13.69412
18609,Binz,54.39313,13.63811
19053,Schwerin,53.62479,11.40417
19055,Schwerin,53.65814,11.43420
19057,Schwerin,53.64776,11.35379
19059,Schwerin,53.63763,11.39067
19061,Schwerin,53.59032,11.39778
19063,Schwerin,53.59491,11.45514
19065,Gneven,53.61762,11.54248
19067,Cambs,53.69609,11.52711
19069,Zickhusen,53.72237,11.41783
19071,Brüsewitz,53.67241,11.28531
19073,Wittenförden,53.57352,11.30270
19075,Warsow,53.53450,11.35112
19077,Sülstorf,53.45201,11.42993
19079,Banzkow,53.52701,11.52583
19086,Plate,53.55918,11.49287
19089,Wessin,53.57780,11.69466
19205,Pokrent,53.67731,11.11736
19209,Perlin,53.65278,11.17452
19217,Köchelstorf,53.77944,11.04967
19230,Bandenitz,53.40188,11.24957
19243,Boddin,53.50693,11.07801
19246,Lüttow,53.56160,10.94705
19249,Garlitz,53.30347,11.08369
19258,Neu Gülze,53.40359,10.76152
19260,Banzin,53.39957,10.96840
19273,Teldau,53.25568,10.94552
19288,Lüblow,53.33713,11.46798
19294,Neu Kaliß,53.21121,11.41481
19300,Milow,53.27783,11.62710
19303,Vielank,53.23371,11.17997
19306,Neustadt-Glewe,53.40054,11.60276
19309,Besandten,53.08315,11.49815
19322,Rühstädt,52.98856,11.79340
19336,Kletzke,52.94993,11.96002
19339,Glöwen,52.96478,12.02786
19348,Pirow,53.11688,11.92614
19357,Mankmuß,53.16280,11.74540
19370,Parchim,53.42796,11.87762
19372,Matzlow-Garwitz,53.40765,11.72243
19374,Friedrichsruhe,53.52390,11.79548
19376,Marnitz,53.31812,11.92791
19386,Kritzow,53.46787,12.02471
19395,Karow,53.43336,12.25348
19399,Diestelow,53.58385,12.07135
19406,Mustin,53.69223,11.86932
19412,Brüel,53.71009,11.68974
19417,Warin,53.79131,11.64686
20038,Hamburg,51.16569,10.45153
20095,Hamburg,53.55075,10.00173
20097,Hamburg,53.54804,10.01770
20099,Hamburg Hamburg-Altstadt,53.55808,10.01198
20144,Hamburg,53.57473,9.97661
20146,Hamburg,53.56881,9.98198
20148,Hamburg Harvestehude,53.56758,9.99662
20149,Hamburg Rotherbaum,53.57763,9.99089
20249,Hamburg,53.59002,9.98979
20251,Hamburg Alsterdorf,53.59477,9.98210
20253,Hamburg Lokstedt,53.57830,9.96661
20255,Hamburg,53.57953,9.95197
20257,Hamburg Eimsbüttel,53.57543,9.94386
20259,Hamburg Eimsbüttel,53.57096,9.95636
20354,Hamburg Sankt Pauli,53.55963,9.99368
20355,Hamburg Neustadt,53.55525,9.98076
20357,Hamburg,53.56443,9.96905
20359,Hamburg Altona-Altstadt,53.55118,9.96418
20457,Hamburg Neustadt,53.53165,9.98526
20459,Hamburg Hamburg-Altstadt,53.54730,9.97783
20535,Hamburg Borgfelde,53.56029,10.05054
20537,Hamburg Hamm-Süd,53.55086,10.04893
20539,Hamburg Kleiner Grasbrook,53.52671,10.04376
21029,Hamburg,53.48928,10.22607
21031,Hamburg Bergedorf,53.50584,10.19962
21033,Hamburg,53.50615,10.15686
21035,Hamburg Allermöhe,53.48731,10.15358
21037,Hamburg Spadenland,53.44607,10.15700
21039,Hamburg,53.45713,10.28193
21073,Hamburg Harburg,53.45922,9.96990
21075,Hamburg Hausbruch,53.45994,9.92883
21077,Hamburg Sinstorf,53.43632,9.95023
21079,Hamburg Neuland,53.46440,10.00565
21107,Hamburg Steinwerder,53.49986,9.97356
21109,Hamburg,53.49493,10.03199
21129,Hamburg Waltershof,53.51553,9.85141
21147,Hamburg,53.48017,9.84984
21149,Hamburg Hausbruch,53.45543,9.85211
21217,Seevetal,53.43238,10.06152
21218,Seevetal,53.37384,9.97982
21220,Seevetal,53.36302,10.04335
21224,Rosengarten,53.40232,9.90028
21227,Bendestorf,53.33622,9.97350
21228,Harmstorf,53.34830,9.98686
21244,Buchholz in der Nordheide,53.31770,9.86948
21255,Kakenstorf,53.27799,9.69117
21256,Handeloh,53.25429,9.84649
21258,Heidenau,53.31381,9.65629
21259,Otter,53.23979,9.74054
21261,Welle,53.23462,9.80279
21266,Jesteburg,53.30690,9.95383
21271,Asendorf,53.25393,9.98069
21272,Egestorf,53.19491,10.06325
21274,Undeloh,53.19734,9.97569
21279,Wenzendorf,53.37202,9.73968
21335,Lüneburg,53.21301,10.39242
21337,Lüneburg,53.24668,10.44294
21339,Lüneburg,53.25361,10.38859
21354,Bleckede,53.32457,10.66957
21357,Bardowick,53.31764,10.37975
21358,Mechtersen,53.27590,10.29613
21360,Vögelsen,53.28263,10.34381
21365,Adendorf,53.28579,10.44832
21368,Boitze,53.18787,10.73983
21369,Nahrendorf,53.16782,10.83450
21371,Tosterglope,53.20662,10.82729
21376,Gödenstorf,53.20871,10.12842
21379,Lüdersburg,53.29346,10.50807
21380,Artlenburg,53.36859,10.48238
21382,Brietlingen,53.33360,10.44622
21385,Rehlingen,53.12502,10.21239
21386,Betzendorf,53.12795,10.30756
21388,Soderstorf,53.14098,10.14633
21391,Dachtmissen,53.24775,10.35359
21394,Heiligenthal,53.23553,10.24213
21395,Tespe,53.39543,10.41391
21397,Vastorf,53.19161,10.57223
21398,Neetze,53.26701,10.62393
21400,Reinstorf,53.23413,10.56927
21401,Thomasburg,53.22665,10.65286
21403,Wendisch Evern,53.21547,10.46996
21406,Melbeck,53.16498,10.38158
21407,Deutsch Evern,53.18682,10.44249
21409,Embsen,53.17470,10.33279
21423,Winsen (Luhe),53.36580,10.20220
21435,Stelle,53.38511,10.10413
21436,Marschacht,53.40721,10.35361
21438,Brackel,53.29804,10.04466
21439,Marxen,53.31141,10.00931
21441,Garstedt,53.28722,10.16522
21442,Toppenstedt,53.26476,10.11626
21444,Vierhöfen,53.27166,10.21941
21445,Wulfsen,53.30322,10.13744
21447,Handorf,53.34849,10.33876
21449,Radbruch,53.31189,10.28833
21465,Reinbek,53.54686,10.25540
21481,Buchhorst,53.38710,10.51981
21483,Wangelau,53.43479,10.54720
21493,Elmenhorst,53.55673,10.51734
21502,Hamwarde,53.44691,10.39905
21509,Glinde,53.54473,10.21673
21514,Klein Pampau,53.47932,10.61596
21516,Tramm,53.49317,10.56497
21521,Dassendorf,53.52543,10.31347
21522,Hohnstorf (Elbe),53.34762,10.59530
21524,Brunstorf,53.49383,10.42465
21526,Hohenhorn,53.47591,10.36777
21527,Kollow,53.46413,10.46020
21529,Kröppelshagen-Fahrendorf,53.49039,10.31662
21614,Buxtehude,53.46391,9.68283
21629,Neu Wulmstorf,53.43076,9.82068
21635,Jork,53.52754,9.70557
21640,Bliedersdorf,53.50899,9.57798
21641,Apensen,53.44272,9.60803
21643,Beckdorf,53.40857,9.62580
21644,Sauensiek,53.38698,9.60058
21646,Halvesbostel,53.35561,9.60705
21647,Moisburg,53.40609,9.69755
21649,Regesbostel,53.37958,9.64700
21680,Stade,53.58528,9.46374
21682,Stade,53.60770,9.45659
21683,Stade,53.64488,9.50347
21684,Stade,53.56527,9.50913
21698,Harsefeld,53.45911,9.47201
21702,Ahlerstedt,53.38603,9.43170
21706,Drochtersen,53.70680,9.37860
21709,Burweg,53.61646,9.31040
21710,Engelschoff,53.66290,9.31101
21712,Großenwörden,53.67923,9.24180
21714,Hammah,53.61810,9.36590
21717,Fredenbeck,53.52372,9.39802
21720,Steinkirchen,53.55235,9.60194
21723,Hollern-Twielenfleth,53.59207,9.55062
21726,Kranenburg,53.58990,9.25208
21727,Estorf,53.56916,9.18203
21729,Freiburg (Elbe),53.82388,9.28797
21730,Balje,53.83046,9.13387
21732,Krummendeich,53.85072,9.21778
21734,Oederquart,53.78444,9.22523
21737,Wischhafen,53.75629,9.30563
21739,Dollern,53.53946,9.54753
21745,Hemmoor,53.68233,9.13078
21755,Hechthausen,53.64098,9.23754
21756,Osten,53.71821,9.23264
21762,Osterbruch,53.80885,8.90412
21763,Neuenkirchen,53.77093,8.89912
21765,Nordleda,53.76674,8.80834
21769,Hollnseth,53.63018,9.09834
21770,Mittelstenahe,53.66768,9.03638
21772,Stinstedt,53.66001,8.97309
21775,Steinau,53.69036,8.88014
21776,Wanna,53.74236,8.81067
21781,Cadenberge,53.76588,9.05672
21782,Bülkau,53.75959,8.97744
21784,Geversdorf,53.79516,9.07808
21785,Belum,53.79414,9.02653
21787,Oberndorf,53.76761,9.15956
21789,Wingst,53.75243,9.03639
22041,Hamburg,53.57550,10.08075
22043,Hamburg Tonndorf,53.56833,10.10076
22045,Hamburg,53.58531,10.12601
22047,Hamburg Wandsbek,53.58895,10.09864
22049,Hamburg,53.58503,10.06615
22081,Hamburg Uhlenhorst,53.57798,10.05144
22083,Hamburg,53.57984,10.02946
22085,Hamburg Uhlenhorst,53.57307,10.01512
22087,Hamburg Hamm-Nord,53.56394,10.02358
22089,Hamburg Eilbek,53.56738,10.04751
22111,Hamburg,53.54838,10.07822
22113,Oststeinbek,53.51707,10.09299
22115,Hamburg Billstedt,53.52988,10.14265
22117,Hamburg,53.54868,10.13879
22119,Hamburg Billstedt,53.55352,10.11413
22143,Hamburg,53.60634,10.16797
22145,Hamburg,53.61549,10.22070
22147,Hamburg Rahlstedt,53.61378,10.13607
22149,Hamburg Tonndorf,53.58981,10.16934
22159,Hamburg,53.61603,10.11857
22175,Hamburg Bramfeld,53.62570,10.09945
22177,Hamburg,53.60854,10.06752
22179,Hamburg Bramfeld,53.60792,10.08526
22297,Hamburg,53.60883,10.00996
22299,Hamburg Winterhude,53.59451,9.99994
22301,Hamburg,51.16569,10.45153
22303,Hamburg Barmbek-Nord,53.59106,10.02606
22305,Hamburg,53.58858,10.05537
22307,Hamburg Barmbek-Nord,53.59876,10.04178
22309,Hamburg,53.61041,10.05592
22335,Hamburg Ohlsdorf,53.62832,10.00582
22337,Hamburg,53.62460,10.04984
22339,Hamburg Hummelsbüttel,53.64472,10.03838
22359,Hamburg,53.64768,10.16453
22391,Hamburg Bramfeld,53.64143,10.08083
22393,Hamburg Wellingsbüttel,53.65144,10.12043
22395,Hamburg Sasel,53.67266,10.12837
22397,Hamburg Duvenstedt,53.69171,10.09755
22399,Hamburg Hummelsbüttel,53.66705,10.06560
22415,Hamburg,53.64867,10.01036
22417,Hamburg Hummelsbüttel,53.66953,10.03622
22419,Hamburg,53.66436,10.00022
22453,Hamburg Niendorf,53.61253,9.96599
22455,Hamburg,53.64090,9.95375
22457,Hamburg Niendorf,53.64631,9.92173
22459,Hamburg,53.62900,9.94961
22523,Hamburg Eidelstedt,53.61569,9.89542
22525,Hamburg,53.58142,9.91306
22527,Hamburg Lokstedt,53.59907,9.93084
22529,Hamburg,53.59131,9.95818
22547,Hamburg Bahrenfeld,53.59803,9.87767
22549,Hamburg,53.58629,9.85455
22559,Hamburg Rissen,53.58309,9.75376
22587,Hamburg,53.56104,9.79647
22589,Hamburg Sülldorf,53.57646,9.82301
22605,Hamburg,53.55082,9.88682
22607,Hamburg Nienstedten,53.57029,9.88262
22609,Hamburg Osdorf,53.55446,9.84298
22761,Hamburg,53.56785,9.91187
22763,Hamburg,53.55664,9.91531
22765,Hamburg Altona-Nord,53.55541,9.92993
22767,Hamburg,53.54889,9.94261
22769,Hamburg,53.56627,9.94710
22844,Norderstedt,53.72635,10.01177
22846,Norderstedt,53.70758,9.97451
22848,Norderstedt,53.66509,9.95887
22850,Norderstedt,53.69214,9.99533
22851,Norderstedt,53.70138,10.04804
22869,Schenefeld,53.59932,9.82915
22880,Wedel,53.59361,9.69918
22885,Barsbüttel,53.57777,10.21405
22889,Tangstedt,53.73669,10.08395
22926,Ahrensburg,53.67444,10.23538
22927,Großhansdorf,53.66261,10.28351
22929,Köthel,53.59911,10.44675
22941,Jersbek,53.72155,10.26084
22946,Trittau,53.60273,10.36774
22949,Ammersbek,53.68885,10.19521
22952,Lütjensee,53.65234,10.36392
22955,Hoisdorf,53.65619,10.31972
22956,Grönwohld,53.64847,10.40813
22958,Kuddewörde,53.58675,10.40213
22959,Linau,53.64328,10.46711
22962,Siek,53.62694,10.27818
22964,Steinburg,53.70671,10.38505
22965,Todendorf,53.69461,10.34869
22967,Tremsbüttel,53.74279,10.30863
22969,Witzhave,53.57007,10.33711
23539,Lübeck,51.16569,10.45153
23552,Lübeck,53.86765,10.68913
23554,Lübeck,53.88722,10.68533
23556,Lübeck,53.86535,10.62275
23558,Lübeck,53.85672,10.65785
23560,Lübeck,53.82025,10.63576
23562,Lübeck,53.83015,10.70893
23564,Lübeck,53.85966,10.71680
23566,Lübeck,53.87124,10.74069
23568,Lübeck,53.90308,10.75338
23569,Lübeck,53.91291,10.82688
23570,Lübeck,53.96000,10.85358
23611,Bad Schwartau,53.93104,10.68726
23617,Stockelsdorf,53.93173,10.61808
23619,Hamberge,53.87329,10.53354
23623,Ahrensbök,54.00348,10.55364
23626,Ratekau,53.94227,10.74582
23627,Groß Sarau,53.80147,10.75035
23628,Krummesse,53.76787,10.66888
23629,Sarkwitz,53.98818,10.66354
23669,Timmendorfer Strand,53.97742,10.78309
23683,Scharbeutz,54.02534,10.74025
23684,Scharbeutz,54.03536,10.68999
23689,"Pansdorf, Holstein",53.98416,10.70836
23701,Eutin,54.10458,10.65541
23714,Malente,54.19783,10.59905
23715,Bosau,54.09656,10.49726
23717,Kasseedorf,54.16579,10.71081
23719,Glasau,54.04402,10.53088
23730,Sierksdorf,54.13364,10.82251
23738,Riepsdorf,54.21963,10.88332
23743,Grömitz,54.18649,10.96883
23744,Schönwalde am Bungsberg,54.20570,10.75792
23746,Kellenhusen,54.19305,11.06212
23747,Dahme,54.22397,11.08130
23749,Grube,54.23078,11.03633
23758,Gremersdorf,54.31612,10.88063
23769,Fehmarn,54.47005,11.13293
23774,Heiligenhafen,54.36855,10.97269
23775,Großenbrode,54.36518,11.08751
23777,Heringsdorf,54.28556,11.03295
23779,Neukirchen,54.32958,11.03535
23795,Groß Rönnau,53.92727,10.29327
23812,Wahlstedt,53.94939,10.16368
23813,Blunk,54.02179,10.34482
23815,Geschendorf,53.91769,10.46624
23816,Neversdorf,53.85411,10.25010
23818,Neuengörs,53.90294,10.38370
23820,Pronstorf,53.94230,10.49890
23821,Rohlstorf,53.96149,10.37276
23823,Seedorf,54.03929,10.39250
23824,Damsdorf,54.05165,10.31776
23826,Bark,53.89319,10.17631
23827,Travenhorst,54.00125,10.41829
23829,Kükels,53.92152,10.22117
23843,Rümpel,53.80135,10.35234
23845,Wakendorf I,53.83793,10.18284
23847,Kastorf,53.74593,10.48397
23858,Reinfeld (Holstein),53.83343,10.48730
23860,Klein Wesenberg,53.79968,10.55855
23863,Bargfeld-Stegen,53.77163,10.18836
23866,Nahe,53.79363,10.13578
23867,Sülfeld,53.79502,10.23533
23869,Elmenhorst,53.76354,10.26251
23879,Mölln,53.61163,10.69908
23881,Niendorf an der Stecknitz,53.60306,10.61165
23883,Klein Zecher,53.62052,10.81850
23896,Nusse,53.65720,10.58045
23898,Kühsen,53.69829,10.52664
23899,Gudow,53.55596,10.76661
23909,Fredeburg,53.69823,10.77178
23911,Buchholz,53.68539,10.88566
23919,Berkenthin,53.72681,10.63734
23923,Roduchelstorf,53.83187,10.87156
23936,Testorf-Steinfort,53.84653,11.18732
23942,Dassow,53.90750,10.97564
23944,Ostseebad Boltenhagen,51.16569,10.45153
23946,Boltenhagen,53.98528,11.20854
23948,Groß Walmstorf,53.95172,11.12204
23952,"Wismar, Mecklenburg",51.16569,10.45153
23966,Wismar,53.82319,11.31747
23968,Wismar,53.90597,11.40600
23970,Wismar,53.89300,11.49950
23972,Metelsdorf,53.84194,11.45942
23974,Blowatz,53.94583,11.58931
23992,Neukloster,53.86470,11.68699
23996,Hohen Viecheln,53.79058,11.42820
23999,Insel Poel,53.99861,11.43949
24103,Kiel,54.32392,10.13154
24105,Kiel,54.33934,10.14511
24106,Kiel,54.35794,10.12112
24107,Kiel,54.34029,10.05009
24109,Melsdorf,54.31719,10.04773
24111,Kiel,54.30161,10.06897
24113,Molfsee,54.28131,10.08069
24114,Kiel,54.31449,10.11250
24116,Kiel,54.32487,10.11352
24118,Kiel,54.34188,10.11507
24119,Kronshagen,54.33282,10.08570
24143,Kiel,54.30702,10.14867
24145,Kiel,54.28502,10.15020
24146,Kiel,54.29209,10.18577
24147,Kiel,54.30278,10.18553
24148,Kiel,54.31775,10.17183
24149,Kiel,54.33553,10.19070
24159,Kiel,54.39650,10.15508
24161,Altenholz,54.39433,10.11544
24211,Preetz,54.22409,10.29885
24214,Schinkel,54.41080,9.97880
24217,Wisch,54.39513,10.36466
24220,Schönhorst,54.24198,10.08912
24222,Schwentinental,54.30238,10.21461
24223,Raisdorf,54.28363,10.23968
24226,Heikendorf,54.37938,10.21129
24229,Schwedeneck,54.46116,10.10955
24232,Schönkirchen,54.33916,10.22265
24235,Laboe,54.40222,10.22559
24238,Martensrade,54.28984,10.43091
24239,Achterwehr,54.30080,9.97980
24241,Schierensee,54.22617,10.00180
24242,Felde,54.30578,9.91989
24244,Felm,54.40538,10.04975
24245,Barmissen,54.21897,10.16541
24247,Mielkendorf,54.28366,10.04383
24248,Mönkeberg,54.34825,10.18731
24250,Warnau,54.17627,10.19297
24251,Osdorf,54.43060,10.01263
24253,Passade,54.36348,10.29197
24254,Rumohr,54.25578,10.02568
24256,Fargau-Pratjau,54.31826,10.37861
24257,Köhn,54.35831,10.47798
24259,Westensee,54.27362,9.89509
24306,Bösdorf,54.16840,10.43229
24321,Behrensdorf,54.30053,10.56164
24326,Kalübbe,54.15081,10.34118
24327,Blekendorf,54.25914,10.65445
24329,Dannau,54.19808,10.49366
24340,Eckernförde,54.44078,9.82271
24351,Thumby,54.58139,9.92882
24354,Kosel,54.53159,9.79395
24357,Güby,54.48599,9.70994
24358,Hütten,54.42433,9.68540
24360,Barkelsby,54.49796,9.86693
24361,Klein Wittensee,54.40276,9.74704
24363,Holtsee,54.39892,9.86151
24364,Holzdorf,54.56023,9.90391
24366,Loose,54.52247,9.88187
24367,Osterby,54.45166,9.75708
24369,Waabs,54.53816,9.98281
24376,Kappeln,54.67463,9.94003
24392,Nottfeld,54.64155,9.80308
24395,Pommerby,54.74420,9.90331
24398,Dörphof,54.62661,9.98461
24399,Arnis,54.62981,9.92925
24401,Böel,54.64618,9.72316
24402,Esgrus,54.71794,9.79259
24404,Maasholm,54.69712,10.00313
24405,Rügge,54.67643,9.71462
24407,Rabenkirchen-Faulück,54.63618,9.87124
24409,Stoltebüll,54.69639,9.87781
24534,Neumünster,54.07397,9.98458
24536,Neumünster,54.11156,10.00193
24537,Neumünster,54.08326,9.94543
24539,Neumünster,54.04628,9.99305
24558,Henstedt-Ulzburg,53.78418,10.04081
24568,Nützen,53.83663,9.93853
24576,Bimöhlen,53.91034,9.84381
24582,Schönbek,54.15900,10.02726
24589,Borgdorf-Seedorf,54.16731,9.85163
24594,Tappendorf,54.10997,9.68736
24598,Heidmühlen,54.00208,10.06088
24601,Belau,54.11993,10.22820
24610,Gönnebek,54.04186,10.17554
24613,Aukrug,54.06945,9.77968
24616,Armstedt,53.99809,9.84534
24619,Rendswühren,54.05935,10.22830
24620,Bönebüttel,54.07103,10.03939
24622,Gnutz,54.13069,9.82212
24623,Großenaspe,53.97363,9.96883
24625,Negenharrie,54.11899,10.04834
24626,Groß Kummerfeld,54.05110,10.07358
24628,Hartenholm,53.89650,10.07501
24629,Kisdorf,53.80904,10.00774
24631,Langwedel,54.21168,9.92982
24632,Heidmoor,53.87259,9.88369
24634,Padenstedt,54.04905,9.91718
24635,Rickling,53.99970,10.16949
24637,Schillsdorf,54.09925,10.10770
24638,Schmalensee,54.07683,10.28116
24640,Schmalfeld,53.87721,9.98330
24641,Hüttblek,53.85018,10.10350
24643,Struvenhütten,53.86457,10.06311
24644,Timmaspe,54.14074,9.89114
24646,Warder,54.21454,9.88897
24647,Ehndorf,54.07249,9.89598
24649,Fuhlendorf,53.95778,9.90463
24768,Rendsburg,54.30634,9.64297
24782,Büdelsdorf,54.32895,9.67030
24783,Osterrönfeld,54.27887,9.70990
24784,Westerrönfeld,54.28044,9.65223
24787,Fockbek,54.30517,9.58881
24790,Schülldorf,54.31419,9.72272
24791,Alt Duvenstedt,54.35780,9.64261
24793,Bargstedt,54.18121,9.75898
24794,Borgstedt,54.33038,9.70798
24796,Bovenau,54.32864,9.84345
24797,Hörsten,54.20397,9.54518
24799,Friedrichsgraben,54.31935,9.40990
24800,Elsdorf-Westermühlen,54.26704,9.51397
24802,Groß Vollstedt,54.23406,9.86763
24803,Erfde,54.30487,9.31311
24805,Hamdorf,54.22561,9.51849
24806,Bargstall,54.29882,9.50302
24808,Jevenstedt,54.23128,9.68507
24809,Nübbel,54.26586,9.59780
24811,Brekendorf,54.39098,9.61947
24813,Schülp bei Rendsburg,54.25156,9.63868
24814,Sehestedt,54.36922,9.81972
24816,Stafstedt,54.17054,9.66336
24817,Tetenhusen,54.35303,9.50133
24819,Haale,54.13040,9.55545
24837,Schleswig,54.52230,9.56615
24848,Alt Bennebek,54.40052,9.49980
24850,Hüsby,54.51526,9.47248
24852,Süderhackstedt,54.62064,9.37061
24855,Bollingstedt,54.55688,9.39823
24857,Fahrdorf,54.50448,9.60942
24860,Klappholz,54.62152,9.57061
24861,Bergenhusen,54.37640,9.31493
24863,Börm,54.40398,9.38583
24864,Brodersby,54.53892,9.70361
24866,Busdorf,54.48958,9.55487
24867,Dannewerk,54.47331,9.48706
24869,Dörpstedt,54.42897,9.34851
24870,Ellingstedt,54.47921,9.41216
24872,Groß Rheide,54.44461,9.43078
24873,Havetoft,54.65861,9.52183
24875,Havetoftloit,54.65861,9.53491
24876,Hollingstedt,54.45747,9.33779
24878,Lottorf,54.44588,9.55436
24879,Idstedt,54.57727,9.50070
24881,Nübel,54.56532,9.58151
24882,Schaalby,54.54377,9.64342
24884,Selk,54.47312,9.58091
24885,Sieverstedt,54.63997,9.46469
24887,Silberstedt,54.51725,9.37421
24888,Steinfeld,54.59974,9.74390
24890,Stolk,54.59043,9.54404
24891,Schnarup-Thumby,54.63823,9.63865
24893,Taarstedt,54.56762,9.69075
24894,Twedt,54.57949,9.63960
24896,Treia,54.52446,9.32793
24897,Ulsnis,54.57349,9.75492
24899,Wohlde,54.41095,9.29626
24937,Flensburg,54.78491,9.43070
24939,Flensburg,54.80229,9.42128
24941,Jarplund-Weding,54.76751,9.40516
24943,Flensburg,54.78435,9.47326
24944,Flensburg,54.80893,9.47808
24955,Harrislee,54.80082,9.38618
24960,Glücksburg,54.83832,9.56259
24963,Tarp,54.65849,9.38241
24966,Sörup,54.73038,9.66409
24969,Lindewitt,54.68918,9.19989
24972,Steinberg,54.75458,9.76053
24975,Ausacker,54.74961,9.56203
24976,Handewitt,54.74591,9.38824
24977,Ringsberg,54.79712,9.63702
24980,Hörup,54.75840,9.18419
24983,Handewitt,54.76857,9.32018
24986,Rüde,54.67415,9.60497
24988,Oeversee,54.69593,9.42772
24989,Dollerup,54.77923,9.67999
24991,Großsolt,54.70889,9.51642
24992,Janneby,54.61820,9.26503
24994,Jardelund,54.81140,9.19547
24996,Sterup,54.71350,9.73588
24997,Wanderup,54.67992,9.32029
24999,Wees,54.80604,9.51603
25335,Bokholt-Hanredder,53.75434,9.60588
25336,Elmshorn,53.73530,9.65923
25337,Elmshorn,53.75073,9.71782
25348,Blomesche Wildnis,53.78971,9.43747
25355,Groß Offenseth-Aspern,53.80626,9.77566
25358,Hohenfelde,53.81095,9.61830
25361,Grevenkop,53.83242,9.52029
25364,Osterhorn,53.85608,9.70268
25365,Klein Offenseth-Sparrieshoop,53.78508,9.67983
25368,Kiebitzreihe,53.78112,9.61383
25370,Seester,53.71532,9.61464
25371,Seestermühe,53.69285,9.55400
25373,Ellerhoop,53.72746,9.77201
25376,Krempdorf,53.82660,9.43121
25377,Kollmar,53.73011,9.49331
25379,Herzhorn,53.78843,9.48865
25421,Pinneberg,53.64663,9.78598
25429,Uetersen,51.16569,10.45153
25436,Moorrege,53.68339,9.67107
25437,Tornesch,51.16569,10.45153
25451,Quickborn,53.73027,9.89952
25462,Rellingen,53.64058,9.85922
25469,Halstenbek,53.62177,9.82222
25474,Hasloh,53.68532,9.91334
25479,Ellerau,53.75898,9.92400
25482,Appen,53.65962,9.74244
25485,Langeln,53.77298,9.84693
25486,Alveslohe,53.78971,9.91477
25488,Holm,53.62195,9.68676
25489,Haseldorf,53.63366,9.60483
25491,Hetlingen,53.60827,9.63416
25492,Heist,53.65419,9.65909
25494,Borstel-Hohenraden,53.68879,9.81116
25495,Kummerfeld,53.70097,9.79054
25497,Prisdorf,53.67856,9.76357
25499,Tangstedt,53.67980,9.85125
25524,Itzehoe,53.93670,9.51920
25541,Brunsbüttel,53.90245,9.11506
25548,Wittenbergen,53.96511,9.71149
25551,Winseldorf,53.99365,9.63046
25554,Stördorf,53.92699,9.36454
25557,Bendorf,54.12177,9.40193
25560,Hadenfeld,54.04702,9.48110
25563,Hingstheide,53.93066,9.75057
25566,Rethwisch,53.86598,9.58382
25569,Bahrenfleth,53.87501,9.46728
25572,Aebtissinwisch,53.91479,9.23964
25573,Beidenfleth,53.87491,9.39930
25575,Beringstedt,54.11140,9.53474
25576,Brokdorf,53.87000,9.32221
25578,Dägeling,53.87830,9.53127
25579,Rade,54.00539,9.75647
25581,Hennstedt,54.03050,9.71893
25582,Kaaks,53.98885,9.52780
25584,Holstenniendorf,54.05511,9.34080
25585,Lütjenwestedt,54.13835,9.48844
25587,Münsterdorf,53.89996,9.53275
25588,Huje,53.97691,9.43482
25590,Osterstedt,54.11241,9.58901
25591,Ottenbüttel,53.96515,9.50649
25593,Reher,54.06597,9.57306
25594,Vaale,53.99341,9.35731
25596,Wacken,54.02257,9.37994
25597,Westermoor,53.90589,9.62954
25599,Wewelsfleth,53.84489,9.40117
25693,Gudendorf,53.99023,9.11455
25704,Nordermeldorf,54.10401,9.06229
25709,Marnerdeich,53.95633,8.98282
25712,Buchholz,54.00258,9.23948
25715,Dingen,53.94999,9.13863
25718,Friedrichskoog,54.01391,8.89767
25719,Barlt,54.01358,9.05739
25721,Eggstedt,54.05358,9.25742
25724,Neufeld,53.91613,9.00699
25725,Bornholt,54.08111,9.28913
25727,Krumstedt,54.04992,9.19518
25729,Windbergen,54.03894,9.12345
25746,Norderwöhrden,54.18978,9.09115
25761,Oesterdeichstrich,54.16454,8.84074
25764,Hillgroven,54.20311,8.91386
25767,Arkebek,54.14287,9.27245
25770,Lieth,54.14724,9.07217
25774,Lunden,54.32758,9.01596
25776,Schlichting,54.34460,9.08258
25779,Bergewöhrden,54.29485,9.15713
25782,Hövede,54.21905,9.28347
25785,Sarzbüttel,54.17317,9.19031
25786,Dellstedt,54.23833,9.38924
25788,Delve,54.30468,9.24434
25791,Linden,54.24257,9.19260
25792,Strübbel,54.24164,8.98723
25794,Dörpling,54.26766,9.29564
25795,Stelle-Wittenwurth,54.23622,9.08987
25797,Wöhrden,54.15727,9.01208
25799,Wrohm,54.21572,9.39662
25813,Husum,54.45665,9.05933
25821,Reußenköge,54.61951,8.96577
25826,Sankt Peter-Ording,54.30480,8.65222
25832,Tönning,54.31493,8.89021
25836,Garding,54.33025,8.78223
25840,Koldenbüttel,54.38985,9.06735
25842,Bargum,54.68164,8.93372
25845,Nordstrand,54.51310,8.89483
25849,Pellworm,54.53048,8.65657
25850,Bondelum,54.56395,9.22321
25852,Bordelum,54.64959,8.91716
25853,Ahrenshöft,54.58074,9.04634
25855,Haselund,54.59695,9.17598
25856,Hattstedtermarsch,54.52729,9.02118
25858,Högel,54.64331,9.06010
25859,Hooge,54.56544,8.55364
25860,Olderup,54.52126,9.08114
25862,Goldebek,54.67218,9.13237
25863,Langeneß,54.64083,8.61966
25864,Löwenstedt,54.62929,9.18705
25866,Mildstedt,54.46885,9.11699
25868,Norderstapel,54.35838,9.26281
25869,Gröde,54.63385,8.71670
25870,Oldenswort,54.37161,8.94259
25872,Wittbek,54.46453,9.24575
25873,Rantrum,54.44987,9.14881
25875,Schobüll,51.16569,10.45153
25876,Ramstedt,54.40229,9.19377
25878,Seeth,54.36612,9.16403
25879,Süderstapel,54.34147,9.19590
25881,Tümlauer Koog,54.33010,8.68304
25882,Tetenbüll,54.38386,8.85218
25884,Norstedt,54.57018,9.17920
25885,Ahrenviöl,54.50987,9.23066
25887,Winnert,54.42746,9.22535
25889,Uelvesbüll,54.41585,9.01507
25899,Bosbüll,54.75626,8.74507
25917,Sprakebüll,54.76989,9.01126
25920,Stedesand,54.76174,8.87535
25923,Süderlügum,54.87299,8.89749
25924,Klanxbüll,54.86126,8.67161
25926,Ladelund,54.83475,9.03312
25927,Aventoft,54.86880,8.73387
25938,Nieblum,54.71822,8.50310
25946,Norddorf,54.64697,8.33600
25980,Rantum,54.88658,8.31124
25992,List,55.01864,8.40626
25996,Wenningstedt,54.93490,8.33393
25997,Hörnum,54.76926,8.28636
25999,Kampen,54.95660,8.34571
26121,Oldenburg,53.15371,8.20960
26122,Oldenburg,53.13779,8.20481
26123,Oldenburg,53.15223,8.23083
26125,Oldenburg,53.17489,8.25575
26127,Oldenburg,53.16820,8.19588
26129,Oldenburg,53.14795,8.17536
26131,Oldenburg,53.12672,8.16901
26133,Oldenburg,53.10159,8.21919
26135,Oldenburg,53.12084,8.25387
26160,Bad Zwischenahn,53.18560,8.02059
26169,Friesoythe,53.02327,7.85854
26180,Rastede,53.25899,8.21594
26188,Edewecht,53.11220,7.98469
26197,Großenkneten,52.95414,8.23960
26203,Wardenburg,53.04668,8.15232
26209,Hatten,53.03490,8.32164
26215,Wiefelstede,53.25520,8.11339
26219,Bösel,53.00591,7.95432
26316,Varel,53.39452,8.14041
26340,Zetel Zetel,53.39639,7.95217
26345,Bockhorn Ellenserdammersiel,53.37126,8.00281
26349,Jade,53.34408,8.24162
26382,Wilhelmshaven,53.52215,8.11133
26384,Wilhelmshaven,53.53239,8.12618
26386,Wilhelmshaven,53.55451,8.10798
26388,Wilhelmshaven,53.58461,8.06578
26389,Wilhelmshaven,53.51861,8.07540
26409,Wittmund Eggelingen,53.59573,7.73372
26419,Schortens Schoost,53.54767,7.96732
26427,Neuharlingersiel,53.64487,7.60792
26434,Wangerland Hohenkirchen,53.67002,7.93009
26441,Jever,53.55526,7.85303
26446,"Friedeburg Reepsholt, Reepsholt",53.45633,7.86805
26452,Sande,53.50113,8.01193
26465,Langeoog,53.74737,7.49257
26474,Spiekeroog,53.77112,7.69377
26486,Wangerooge,53.78917,7.90258
26487,Blomberg,53.57061,7.53082
26489,Ochtersum Ostochtersum,53.61041,7.52859
26506,Norden Westermarsch I,53.57685,7.16447
26524,Halbemond,53.61282,7.28932
26529,Upgant-Schott,53.50578,7.26072
26532,Großheide,53.58617,7.36879
26548,Norderney,53.71683,7.28103
26553,Dornum Nesse,53.64593,7.43051
26556,Utarp,53.59025,7.45803
26571,Juist,53.67817,6.99584
26579,Baltrum,53.72881,7.39664
26603,Aurich,53.47283,7.48580
26605,Aurich,53.46680,7.53823
26607,Aurich,53.52113,7.53883
26624,Südbrookmerland Forlitz-Blaukirchen,53.48901,7.35694
26629,Großefehn,53.38576,7.61665
26632,Ihlow Ludwigsdorf,53.40002,7.39038
26639,Wiesmoor Zwischenbergen,53.41137,7.72487
26655,Westerstede,53.27828,7.93224
26670,Uplengen,53.28950,7.76240
26676,Barßel,53.14657,7.79356
26683,Saterland,53.07679,7.70220
26689,Apen,53.20066,7.79464
26721,Emden,53.38083,7.20678
26723,Emden,53.36473,7.17212
26725,Emden,53.35444,7.24915
26736,Krummhörn Visquard,53.45997,7.11948
26757,Borkum,53.58762,6.67040
26759,Hinte Cirkwehrum,53.42196,7.20977
26789,Leer (Ostfriesland),53.25520,7.45136
26802,Moormerland,53.30761,7.48001
26810,Westoverledingen,53.13720,7.43350
26817,Rhauderfehn,53.13012,7.54567
26826,Weener,53.14416,7.32147
26831,Boen,53.20341,7.23764
26835,Holtland,53.30572,7.59382
26842,Ostrhauderfehn,53.13627,7.61881
26844,Jemgum,53.26817,7.38496
26845,Nortmoor,53.24231,7.56955
26847,Detern,53.21560,7.64813
26849,Filsum,53.24256,7.62478
26871,Papenburg,53.05213,7.41043
26892,Heede,52.95914,7.34285
26897,Esterwegen,52.99275,7.63299
26899,Rhede,53.05936,7.27191
26901,Rastdorf,52.93793,7.67744
26903,Surwold,52.99111,7.52164
26904,Börger,52.92568,7.53205
26906,Dersum,52.96598,7.23158
26907,Walchum,52.92839,7.22872
26909,Neubörger,52.95829,7.44983
26919,Brake,53.31841,8.45228
26931,Elsfleth,53.20458,8.37351
26935,Stadland,53.40299,8.45652
26936,Stadland,53.41160,8.36426
26937,Stadland,53.46204,8.34319
26939,Ovelgönne,53.34204,8.41916
26954,Nordenham,53.49275,8.44788
26969,Butjadingen,53.55718,8.30640
27211,Bassum,52.87543,8.73397
27232,Sulingen,52.66579,8.79660
27239,Twistringen,52.79928,8.59451
27243,Harpstedt,52.90915,8.58705
27245,Bahrenborstel,52.56802,8.80827
27246,Borstel,52.65522,8.93707
27248,Ehrenburg,52.73937,8.67629
27249,Maasen,52.70155,8.89451
27251,Scholen,52.77498,8.75076
27252,Schwaförden,52.73718,8.82354
27254,Siedenburg,52.71619,8.98586
27257,Affinghausen,52.79215,8.83727
27259,Freistatt,52.63152,8.69069
27283,Verden (Aller),52.93480,9.23296
27299,Langwedel,53.00475,9.16885
27305,Bruchhausen-Vilsen,52.82801,8.98913
27308,Kirchlinteln,52.91191,9.38598
27313,Dörverden,52.84694,9.22767
27318,Hoya,52.83383,9.14074
27321,Thedinghausen,52.95019,9.03392
27324,Gandesbergen,52.77924,9.22168
27327,Martfeld,52.87604,9.06094
27330,Asendorf,52.77240,9.00453
27333,Warpe,52.77967,9.13064
27336,Häuslingen,52.78509,9.37894
27337,Blender,52.92481,9.13212
27339,Riede,52.97010,8.94029
27356,Rotenburg (Wümme),53.08520,9.38689
27367,Ahausen,53.09871,9.21515
27374,Visselhövede,52.98706,9.52937
27383,Scheeßel,53.16514,9.47352
27386,Westerwalsede,53.06664,9.48352
27389,Vahlde,53.20986,9.59277
27404,Rhade,53.26798,9.27257
27412,Vorwerk,53.22390,9.07729
27419,Vierden,53.29205,9.51779
27432,Oerel,53.49807,9.11349
27442,Gnarrenburg,53.37500,9.01327
27446,Farven,53.39969,9.25824
27449,Kutenholz,53.48112,9.32290
27472,Cuxhaven,53.85521,8.70739
27474,Cuxhaven,53.85328,8.67245
27476,Cuxhaven,53.86138,8.62960
27478,Cuxhaven,53.80039,8.72247
27498,Helgoland,54.18307,7.88639
27499,Hamburg Neuwerk,53.92041,8.50016
27568,Bremerhaven,53.56600,8.56636
27570,Bremerhaven,53.53986,8.59046
27572,Bremerhaven,53.50552,8.59856
27574,Bremerhaven,53.52851,8.61854
27576,Bremerhaven,53.55678,8.59295
27578,Bremerhaven,53.58758,8.61195
27580,Bremerhaven,53.58136,8.59153
27607,Langen,53.66472,8.63453
27612,Loxstedt,53.45156,8.56706
27616,Appeln,53.43477,8.79697
27619,Schiffdorf,53.53797,8.72702
27624,Köhlen,53.62470,8.84154
27628,Sandstedt,53.35816,8.65486
27637,Nordholz,53.76607,8.59264
27638,Wremen,53.63999,8.52328
27639,Cappel,53.75434,8.60375
27711,Osterholz-Scharmbeck,53.26481,8.74222
27721,Ritterhude,53.19534,8.72727
27726,Worpswede,53.23819,8.95342
27729,Hambergen,53.31050,8.82622
27749,Delmenhorst,53.04727,8.64014
27751,Delmenhorst,53.05309,8.66292
27753,Delmenhorst,53.05224,8.60906
27755,Delmenhorst,53.02914,8.63868
27777,Ganderkesee,53.05156,8.54362
27793,Wildeshausen,52.88838,8.40645
27798,Hude (Oldenburg),53.11970,8.34751
27801,Dötlingen,52.97298,8.43248
27804,Berne,53.16569,8.46313
27809,Lemwerder,53.16230,8.61515
28195,Bremen,53.08390,8.80449
28197,Bremen,53.10476,8.70562
28199,Bremen,53.05030,8.78275
28201,Bremen,53.05938,8.80437
28203,Bremen,53.07519,8.82266
28205,Bremen,53.07014,8.84375
28207,Bremen,53.06429,8.86968
28209,Bremen,53.08645,8.83364
28211,Bremen,53.08072,8.84718
28213,Bremen,53.09267,8.84669
28215,Bremen,53.09818,8.81254
28217,Bremen,53.09152,8.79094
28219,Bremen,53.10419,8.78542
28237,Bremen,53.13176,8.70696
28239,Bremen,53.13205,8.73983
28259,Bremen,53.05289,8.74106
28277,Bremen,53.03656,8.82197
28279,Bremen,53.04524,8.85120
28307,Bremen,53.03859,8.93915
28309,Bremen,53.04181,8.89647
28325,Bremen,53.06480,8.94662
28327,Bremen,53.07256,8.92774
28329,Bremen,53.07805,8.88276
28335,Bremen,51.16569,10.45153
28355,Bremen,53.09032,8.93540
28357,Bremen,53.11907,8.87787
28359,Bremen,53.10135,8.86116
28717,Bremen,53.17105,8.68597
28719,Bremen,53.15315,8.71309
28755,Bremen,53.18438,8.61060
28757,Bremen,53.17688,8.63369
28759,Bremen,53.16772,8.66013
28777,Bremen,53.20986,8.52777
28779,Bremen,53.19605,8.57169
28790,Schwanewede,53.24444,8.57504
28816,Stuhr,53.00638,8.71784
28832,Achim,53.02301,9.07265
28844,Weyhe,52.98634,8.84208
28857,Syke,52.90923,8.86066
28865,Lilienthal,53.15559,8.89707
28870,Ottersberg,53.11703,9.11862
28876,Oyten,53.07912,9.04743
28879,Grasberg,53.19147,8.99672
29221,Celle,52.61392,10.08213
29223,Celle,52.63131,10.09956
29225,Celle,52.61063,10.02593
29227,Celle,52.60087,10.13969
29229,Celle,52.65795,10.12787
29303,Bergen,52.77626,9.98372
29308,Winsen (Aller),52.68893,9.91060
29313,Hambühren,52.61787,9.94069
29320,Hermannsburg,52.80845,10.11353
29323,Wietze,52.64837,9.83465
29328,Faßberg,52.88744,10.20212
29331,Lachendorf,52.61898,10.24197
29336,Nienhagen,52.55627,10.10445
29339,Wathlingen,52.53571,10.14487
29342,Wienhausen,52.57965,10.19788
29345,Unterlüß,52.84515,10.29166
29348,Scharnhorst,52.73391,10.23385
29351,Eldingen,52.68529,10.34410
29352,Adelheidsdorf,52.56386,10.05968
29353,Ahnsbeck,52.61132,10.28458
29355,Beedenbostel,52.64209,10.25968
29356,Bröckel,52.51327,10.21714
29358,Eicklingen,52.54962,10.18560
29359,Habighorst,52.70871,10.22741
29361,Höfer,52.67713,10.25641
29362,Hohne,52.58793,10.37651
29364,Langlingen,52.55573,10.28193
29365,Sprakensehl,52.76588,10.48934
29367,Steinhorst,52.70641,10.41521
29369,Ummern,52.59682,10.43251
29378,Wittingen,52.69365,10.79620
29379,Wittingen,52.65977,10.69365
29386,Hankensbüttel,52.72824,10.60375
29389,Bad Bodenteich,52.83280,10.67422
29392,Wesendorf,52.59344,10.53684
29393,Groß Oesingen,52.64778,10.46676
29394,Lüder,52.80830,10.66511
29396,Schönewörde,52.63224,10.62722
29399,Wahrenholz,52.62579,10.59145
29410,Chüden,52.84009,11.19969
29413,Wallstawe,52.78368,10.87672
29416,Kerkau,52.79643,11.33372
29439,Lüchow,52.98567,11.15386
29451,Dannenberg (Elbe) Klein Heide,53.09869,11.10934
29456,Hitzacker Meudelfitz,53.14797,11.04364
29459,Clenze,52.93572,10.95481
29462,Wustrow,52.92289,11.12815
29465,Schnega Loitze,52.88931,10.89135
29468,Bergen (Dumme) Bergen,52.89075,10.95631
29471,Gartow Rondel,53.02494,11.45069
29472,Damnatz Jasebeck,53.14242,11.16521
29473,Göhrde Dübbekold,53.12044,10.87603
29475,Gorleben Gorleben,53.04694,11.35551
29476,Gusborn Klein Gusborn,53.08025,11.21089
29478,Höhbeck,53.06198,11.43588
29479,Jameln Teichlosen,53.04204,11.07567
29481,Karwitz Lebbien,53.08865,10.98415
29482,Küsten Krummasel,52.97793,11.06264
29484,Langendorf,53.10778,11.23270
29485,Lemgow,52.90346,11.33155
29487,Luckau,52.93701,11.03594
29488,Lübbow,52.91461,11.21529
29490,Neu Darchau,53.22822,10.88429
29491,Prezelle,52.96334,11.38685
29493,Schnackenburg,53.03558,11.53894
29494,Trebel,52.99549,11.27899
29496,Waddeweitz Schlanze,52.99616,10.95934
29497,Woltersdorf,52.95404,11.21818
29499,Zernien,53.07029,10.88487
29525,Uelzen,52.98284,10.59612
29549,Bad Bevensen,53.08124,10.58944
29553,Bienenbüttel,53.13367,10.48963
29556,Suderburg,52.89888,10.44223
29559,Wrestedt,52.89376,10.62125
29562,Suhlendorf,52.92687,10.76470
29565,Wriedel,53.05556,10.26525
29568,Wieren,52.89002,10.65172
29571,Rosche,52.99721,10.79678
29574,Ebstorf,53.03110,10.42026
29575,Altenmedingen,53.13175,10.59822
29576,Barum,53.05067,10.51495
29578,Eimke,52.96469,10.31292
29579,Emmendorf,53.02141,10.57341
29581,Gerdau,52.96553,10.42503
29582,Hanstedt I,53.05722,10.37043
29584,Himbergen,53.09507,10.73060
29585,Jelmstorf,53.10746,10.53956
29587,Natendorf,53.07058,10.46533
29588,Oetzen,53.02180,10.67482
29590,Rätzlingen,52.97634,10.67659
29591,Römstedt,53.09604,10.64974
29593,Schwienau,52.99193,10.39504
29594,Soltendieck,52.86885,10.77593
29596,Stadensen,51.16569,10.45153
29597,Stoetze,53.06600,10.78648
29599,Weste,53.05961,10.70329
29614,Soltau,53.00570,9.83092
29633,Munster,52.99055,10.08094
29640,Schneverdingen,53.13696,9.81898
29643,Neuenkirchen,53.06208,9.67370
29646,Bispingen,53.12245,9.99208
29649,Wietzendorf,52.91891,9.97515
29664,Walsrode,52.87944,9.52118
29683,Fallingbostel,52.89587,9.71783
29690,Gilten,52.67635,9.61784
29693,Ahlden (Aller),52.76277,9.58332
29699,Bomlitz,52.90460,9.65818
30159,Hannover,52.37498,9.73882
30161,Hannover,52.38397,9.74629
30163,Hannover,52.39964,9.74938
30165,Hannover,52.40429,9.72568
30167,Hannover,52.38631,9.71568
30169,Hannover,52.36309,9.73640
30171,Hannover,52.36569,9.75361
30173,Hannover,52.35554,9.76267
30175,Hannover,52.37700,9.76306
30177,Hannover,52.39266,9.76864
30179,Hannover,52.41240,9.75755
30419,Hannover,52.40894,9.66939
30449,Hannover,52.35962,9.71347
30451,Hannover,52.37499,9.70625
30453,Hannover,52.37239,9.68905
30455,Hannover,52.35829,9.67065
30457,Hannover,52.33231,9.69128
30459,Hannover,52.34216,9.72076
30519,Hannover,52.33581,9.77374
30521,Hannover,52.32390,9.80386
30539,Hannover,52.32531,9.83512
30559,Hannover,52.36241,9.84118
30625,Hannover,52.37638,9.80269
30627,Hannover,52.38796,9.82496
30629,Hannover,52.39274,9.84767
30655,Hannover,52.40075,9.80053
30657,Hannover,52.41556,9.78144
30659,Hannover,52.41815,9.81763
30669,Hannover,52.46265,9.68653
30823,Garbsen,52.41586,9.58502
30826,Garbsen,52.45532,9.56263
30827,Garbsen,52.44492,9.62413
30851,Langenhagen,52.43233,9.73129
30853,Langenhagen,52.44609,9.74051
30855,Langenhagen,52.48793,9.69003
30880,Laatzen,52.28125,9.84827
30890,Barsinghausen,52.34375,9.48061
30900,Wedemark,52.53907,9.72267
30916,Isernhagen,52.45293,9.85190
30926,Seelze,52.39030,9.56887
30938,Burgwedel,52.52491,9.89240
30952,Ronnenberg,52.29758,9.65187
30966,Hemmingen,52.29643,9.73083
30974,Wennigsen,52.26045,9.58125
30982,Pattensen,52.24660,9.74924
30989,Gehrden,52.32535,9.57508
31008,Elze,52.12166,9.70502
31020,Salzhemmendorf,52.07539,9.61710
31028,Gronau (Leine),52.08680,9.78625
31029,Banteln,51.16569,10.45153
31032,Betheln,52.11195,9.79137
31033,Brüggen,51.16569,10.45153
31035,,52.08254,9.84416
31036,Eime,52.07272,9.72310
31039,Rheden,51.16569,10.45153
31061,Alfeld (Leine),51.98302,9.82791
31073,Delligsen,51.92311,9.77797
31079,Adenstedt,52.04113,9.91319
31084,Freden (Leine),51.16569,10.45153
31085,Everode,51.94945,9.90902
31087,,51.92162,9.98497
31088,Winzenburg,51.93790,9.93782
31089,Duingen,52.00495,9.69715
31091,Coppengrave,51.98827,9.73315
31093,Hoyershausen,52.02808,9.73649
31094,Marienhagen,52.04078,9.68012
31096,Weenzen,52.02000,9.67281
31097,Harbarnsen,51.98168,9.93856
31099,Woltershausen,51.96546,9.97217
31134,Hildesheim,52.14620,9.95489
31135,Hildesheim,52.16291,9.97900
31137,Hildesheim,52.16767,9.92297
31139,Hildesheim,52.12608,9.90797
31141,Hildesheim,52.12474,9.98679
31157,Sarstedt,52.23958,9.83334
31162,Bad Salzdetfurth,52.07261,10.03271
31167,Bockenem,52.00073,10.12167
31171,Nordstemmen,52.15629,9.80357
31174,Schellerten,52.17408,10.09877
31177,Harsum,52.20451,9.99412
31180,Giesen,52.21403,9.88194
31185,Söhlde,52.20836,10.19843
31188,Holle,52.08614,10.12426
31191,Algermissen,52.26015,9.97092
31195,Lamspringe,51.96192,10.01162
31196,Sehlem,52.01119,9.97445
31199,Diekholzen,52.10055,9.95638
31224,Peine,52.33073,10.27320
31226,Peine,52.31975,10.15251
31228,Peine,52.34054,10.18767
31234,Edemissen,52.40239,10.31473
31241,Ilsede,52.26271,10.19318
31246,Lahstedt,52.24154,10.24714
31249,Hohenhameln,52.26214,10.07314
31275,Lehrte,52.38521,10.01648
31303,Burgdorf,52.48276,10.00840
31311,Uetze,52.45894,10.16032
31319,Sehnde,52.31343,9.97579
31515,Wunstorf,52.42483,9.40764
31535,Neustadt am Rübenberge,52.56208,9.44035
31542,Bad Nenndorf Horsten,52.33651,9.37024
31547,Rehburg-Loccum Bad Rehburg,52.46352,9.19036
31552,Apelern Soldorf,52.30161,9.33682
31553,Auhagen Auhagen,52.39721,9.26839
31555,Suthfeld Helsinghausen,52.36385,9.39756
31556,Wölpinghausen,52.42069,9.23403
31558,Hagenburg,52.42574,9.32871
31559,Hohnhorst Hohnhorst,52.36432,9.35816
31582,Nienburg (Weser) Holtorf,52.63809,9.20841
31592,Stolzenau Anemolter-Schinna,52.51848,9.03612
31595,Steyerberg,52.58790,8.97266
31600,Uchte,52.51759,8.90667
31603,Diepenau,52.45357,8.75736
31604,Raddestorf,52.45983,8.95951
31606,Warmsen,52.43787,8.82370
31608,Marklohe,52.65983,9.14928
31609,Balge,52.71822,9.18492
31613,Wietzen,52.70971,9.07045
31618,Liebenau,52.60028,9.09194
31619,Binnen,52.61933,9.13189
31621,Pennigsehl,52.64248,9.02716
31622,Heemsen Gadesbünden,52.70549,9.25270
31623,Drakenburg,52.68737,9.21756
31626,Haßbergen,52.72904,9.23343
31627,Rohrsen,52.71287,9.23807
31628,Landesbergen,52.55810,9.12005
31629,Estorf Estorf,52.58843,9.14184
31632,Husum,52.56431,9.25064
31633,Leese,52.50981,9.14828
31634,Steimbke Wendenborstel,52.65597,9.38843
31636,Linsburg,52.59364,9.30374
31637,Rodewald,52.69515,9.48180
31638,Stöckse,52.63885,9.33728
31655,Stadthagen,52.31044,9.22514
31675,Bückeburg Scheie,52.28164,9.04406
31683,Obernkirchen,52.26833,9.14671
31688,Nienstädt Liekwegen,52.28923,9.15366
31691,Helpsen Kirchhorsten,52.30293,9.11534
31693,Hespe Stemmen,52.33039,9.10624
31698,Lindhorst Ottensen,52.36175,9.28904
31699,Beckedorf,52.34096,9.31430
31700,Heuerßen Kobbensen,52.32866,9.27860
31702,Lüdersfeld Lüdersfeld,52.35959,9.25452
31707,Heeßen,52.24133,9.10203
31708,Ahnsen,52.25878,9.09715
31710,Buchholz,52.22564,9.12717
31711,Luhden Schermbeck,52.22524,9.09012
31712,Niedernwöhren,52.36569,9.13618
31714,Lauenhagen Hülshagen,52.35633,9.20802
31715,Meerbeck Volksdorf,52.34270,9.15042
31717,Nordsehl,52.35169,9.18293
31718,Pollhagen,52.38776,9.19116
31719,Wiedensahl,52.38281,9.11973
31737,Rinteln,52.16859,9.12072
31749,Auetal Rehren A.O.,52.24338,9.25983
31785,Hameln,52.10376,9.36610
31787,Hameln,52.10829,9.34194
31789,Hameln,52.09036,9.35167
31812,Bad Pyrmont,51.98451,9.28659
31832,Springe,52.20489,9.60499
31840,Hessisch Oldendorf,52.14838,9.24216
31848,Bad Münder am Deister,52.21850,9.43749
31855,Aerzen,52.05132,9.25226
31860,Emmerthal,52.01727,9.41142
31863,Coppenbrügge,52.11806,9.54654
31867,Messenkamp,52.27415,9.36793
31868,Ottenstein,51.95489,9.39014
32049,Herford,52.13540,8.71309
32051,Herford,52.10174,8.58978
32052,Herford,52.09197,8.65007
32105,Bad Salzuflen,52.08482,8.74645
32107,Bad Salzuflen,52.07275,8.69331
32108,Bad Salzuflen,52.08540,8.81013
32120,Hiddenhausen,52.16241,8.63692
32130,Enger,52.14756,8.54772
32139,Spenge,52.13263,8.45872
32257,Bünde,52.19884,8.57775
32278,Kirchlengern,52.22515,8.65662
32289,Rödinghausen,52.23725,8.49090
32312,Lübbecke,52.31297,8.62757
32339,Espelkamp,52.36638,8.63014
32351,Stemwede,52.42045,8.47666
32361,Preußisch Oldendorf,52.30009,8.51030
32369,Rahden,52.45437,8.60086
32423,Minden,52.29380,8.95538
32425,Minden,52.33623,8.89079
32427,Minden,52.29068,8.88736
32429,Minden,52.27554,8.84276
32457,Porta Westfalica,52.22531,8.94022
32469,Petershagen,52.38329,8.97744
32479,Hille,52.31214,8.78343
32545,Bad Oeynhausen,52.19713,8.79265
32547,Bad Oeynhausen,52.20742,8.82244
32549,Bad Oeynhausen,52.23578,8.80162
32584,Löhne,52.18661,8.74345
32602,Vlotho,52.14803,8.83018
32609,Hüllhorst,52.26700,8.66980
32657,Lemgo,52.03535,8.90700
32676,Lügde,51.88988,9.26891
32683,Barntrup,51.99754,9.12085
32689,Kalletal,52.12816,8.95122
32694,Dörentrup,52.02691,9.01731
32699,Extertal,52.07367,9.10351
32756,Detmold,51.93692,8.86823
32758,Detmold,51.95617,8.82517
32760,Detmold,51.90830,8.89418
32791,Lage,51.98113,8.77688
32805,Horn-Bad Meinberg,51.86043,8.96305
32816,Schieder-Schwalenberg,51.90786,9.17591
32825,Blomberg,51.94872,9.06234
32832,Augustdorf,51.89782,8.75042
32839,Steinheim,51.86971,9.08637
33014,Bad Driburg,51.73673,9.04908
33034,Brakel,51.72820,9.15856
33039,Nieheim,51.80553,9.11733
33098,Paderborn,51.71135,8.75426
33100,Paderborn,51.72128,8.83416
33102,Paderborn,51.73313,8.74721
33104,Paderborn,51.77101,8.73825
33106,Paderborn,51.71073,8.69136
33129,Delbrück,51.77371,8.55787
33142,Büren,51.55819,8.60205
33154,Salzkotten,51.67524,8.59684
33161,Hövelhof,51.83947,8.67601
33165,Lichtenau,51.62073,8.89957
33175,Bad Lippspringe,51.78563,8.82676
33178,Borchen,51.66766,8.72299
33181,Bad Wünnenberg,51.50471,8.75143
33184,Altenbeken,51.74515,8.93971
33189,Schlangen,51.84068,8.80233
33330,Gütersloh,51.90967,8.36973
33332,Gütersloh,51.89730,8.39385
33334,Gütersloh,51.94470,8.40129
33335,Gütersloh,51.91992,8.44955
33378,Rheda-Wiedenbrück,51.83492,8.29851
33397,Rietberg,51.78553,8.39467
33415,Verl,51.86091,8.52909
33428,Harsewinkel,51.97152,8.17248
33442,Herzebrock-Clarholz,51.89373,8.21889
33449,Langenberg,51.77998,8.32362
33519,Bielefeld,51.16569,10.45153
33602,Bielefeld,52.02309,8.53375
33604,Bielefeld,52.00664,8.54829
33605,Bielefeld,52.00108,8.57951
33607,Bielefeld,52.02009,8.57490
33609,Bielefeld,52.04146,8.57453
33611,Bielefeld,52.04868,8.54869
33613,Bielefeld,52.04993,8.52142
33615,Bielefeld,52.03030,8.50794
33617,Bielefeld,52.00508,8.52468
33619,Bielefeld,52.04044,8.47706
33647,Bielefeld,51.98521,8.50454
33649,Bielefeld,51.97775,8.46028
33659,Bielefeld,51.95765,8.51704
33689,Bielefeld,51.95166,8.59917
33699,Bielefeld,51.98763,8.61740
33719,Bielefeld,52.01993,8.61345
33729,Bielefeld,52.07016,8.60629
33739,Bielefeld,52.08486,8.52830
33758,Schloß Holte-Stukenbrock,51.88312,8.66174
33775,Versmold,52.04559,8.18049
33790,Halle,52.03598,8.31721
33803,Steinhagen,51.98838,8.38664
33813,Oerlinghausen,51.94559,8.68137
33818,Leopoldshöhe,52.00812,8.70107
33824,Werther,52.09280,8.41845
33829,Borgholzhausen,52.10256,8.28130
34117,Kassel,51.31705,9.49246
34119,Kassel,51.31618,9.46880
34121,Kassel,51.30218,9.48039
34123,Kassel,51.30115,9.52537
34125,Kassel,51.33312,9.52240
34127,Kassel,51.33304,9.49096
34128,Kassel,51.33679,9.43876
34130,Kassel,51.32395,9.43966
34131,Kassel,51.31108,9.40329
34132,Kassel,51.28050,9.42665
34134,Kassel,51.28534,9.46908
34212,Melsungen,51.15302,9.59269
34225,Baunatal,51.25286,9.40441
34233,Fuldatal,51.35028,9.52629
34246,Vellmar,51.35924,9.46153
34253,Lohfelden,51.26697,9.55545
34260,Kaufungen,51.28305,9.61685
34266,Niestetal,51.31725,9.58679
34270,Schauenburg,51.27897,9.36139
34277,Fuldabrück,51.24546,9.48231
34281,Gudensberg,51.17811,9.36422
34286,Spangenberg,51.12354,9.69375
34289,Zierenberg,51.38022,9.26643
34292,Ahnatal,51.36474,9.39362
34295,Edermünde,51.21949,9.38641
34298,Helsa,51.25714,9.68630
34302,Guxhagen,51.20755,9.50716
34305,Niedenstein,51.21827,9.30942
34308,Bad Emstal,51.26587,9.24214
34311,Naumburg,51.22899,9.17448
34314,Espenau,51.39848,9.47389
34317,Habichtswald,51.32613,9.31064
34320,Söhrewald,51.23421,9.57699
34323,Malsfeld,51.07544,9.51045
34326,Morschen,51.06850,9.61297
34327,Körle,51.17453,9.52363
34329,Nieste,51.30878,9.65726
34346,Hannoversch Münden,51.42022,9.68568
34355,Staufenberg,51.33790,9.65692
34359,Reinhardshagen,51.49395,9.59547
34369,Hofgeismar,51.49964,9.36247
34376,Immenhausen,51.42859,9.47706
34379,Calden,51.40965,9.40081
34385,Bad Karlshafen,51.64349,9.45642
34388,Trendelburg,51.57785,9.44517
34393,Grebenstein,51.44728,9.41006
34396,Liebenau,51.49729,9.28146
34399,Oberweser,51.59653,9.60646
34414,Warburg,51.47561,9.13099
34431,Marsberg,51.45518,8.84651
34434,Borgentreich,51.59101,9.28119
34439,Willebadessen,51.60392,9.11747
34454,Bad Arolsen,51.40145,8.99552
34466,Wolfhagen,51.33406,9.18154
34471,Volkmarsen,51.40442,9.09365
34474,Diemelstadt,51.47478,9.00547
34477,Twistetal,51.33692,8.96526
34479,Breuna,51.41532,9.18469
34497,Korbach,51.27462,8.85792
34508,Willingen (Upland),51.30208,8.63272
34513,Waldeck,51.22819,9.04982
34516,Vöhl,51.20522,8.94419
34519,Diemelsee,51.33533,8.75319
34537,Bad Wildungen,51.09644,9.11699
34549,Edertal,51.17362,9.07339
34560,Fritzlar,51.13823,9.25495
34576,Homberg (Efze),51.02969,9.42567
34582,Borken,51.05185,9.28132
34587,Felsberg,51.14357,9.45056
34590,Wabern,51.10116,9.35012
34593,Knüllwald,51.03676,9.51249
34596,Bad Zwesten,51.05204,9.17538
34599,Neuental,51.00546,9.22925
34613,Schwalmstadt,50.91974,9.22357
34621,Frielendorf,50.97312,9.32429
34626,Neukirchen,50.87727,9.36036
34628,Willingshausen,50.84994,9.19612
34630,Gilserberg,50.94364,9.05330
34632,Jesberg,50.99780,9.14539
34633,Ottrau,50.80521,9.38517
34637,Schrecksbach,50.84069,9.29322
34639,Schwarzenborn,50.91144,9.44730
35037,Marburg,50.80379,8.75656
35039,Marburg,50.83250,8.79274
35041,Marburg,50.83772,8.76038
35043,Marburg,50.79416,8.81454
35066,Frankenberg (Eder),51.08009,8.78240
35075,Gladenbach,50.75984,8.57384
35080,Bad Endbach,50.75638,8.47842
35083,Wetter,50.90329,8.72386
35085,Ebsdorfergrund,50.72879,8.84803
35088,Battenberg (Eder),50.99661,8.63347
35091,Cölbe,50.85103,8.78238
35094,Lahntal,50.84708,8.66845
35096,Weimar,50.73446,8.70300
35099,Burgwald,51.01957,8.75792
35102,Lohra,50.72426,8.63031
35104,Lichtenfels,51.17366,8.79831
35108,Allendorf (Eder),51.03572,8.67288
35110,Frankenau,51.09971,8.93936
35112,Fronhausen,50.70252,8.71127
35114,Haina (Kloster),51.03397,8.97303
35116,Hatzfeld (Eder),50.99432,8.54516
35117,Münchhausen,50.96035,8.71764
35119,Rosenthal,50.97403,8.86815
35216,Biedenkopf,50.93160,8.51839
35232,Dautphetal,50.83444,8.55626
35236,Breidenbach,50.88512,8.43658
35239,Steffenberg,50.84043,8.46855
35260,Stadtallendorf,50.84127,9.02003
35274,Kirchhain,50.84948,8.91369
35279,Neustadt (Hessen),50.85245,9.11528
35282,Rauschenberg,50.88355,8.91473
35285,Gemünden (Wohra),50.97270,8.96934
35287,Amöneburg,50.79774,8.92186
35288,Wohratal,50.93142,8.93998
35305,Grünberg,50.60536,8.95746
35315,Homberg (Ohm),50.72780,8.99692
35321,Laubach,50.54725,9.03335
35325,Mücke,50.62875,9.05980
35327,Ulrichstein,50.57599,9.19291
35329,Gemünden (Felda),50.69837,9.07175
35390,Gießen,50.58505,8.67417
35392,Gießen,50.56980,8.66990
35394,Gießen,50.57145,8.71747
35396,Gießen,50.60575,8.70738
35398,Gießen,50.56156,8.64048
35410,Hungen,50.48314,8.91829
35415,Pohlheim,50.50832,8.72461
35418,Buseck,50.60828,8.78288
35423,Lich,50.50037,8.82959
35428,Langgöns,50.47736,8.58100
35435,Wettenberg,50.63859,8.65765
35440,Linden,50.53264,8.67849
35444,Biebertal,50.64445,8.57874
35447,Reiskirchen,50.60226,8.86191
35452,Heuchelheim,50.58392,8.62054
35457,Lollar,50.64698,8.70356
35460,Staufenberg,50.66001,8.73204
35463,Fernwald,50.55046,8.77957
35466,Rabenau,50.67472,8.86576
35469,Allendorf (Lumda),50.68332,8.82684
35510,Butzbach,50.42159,8.63067
35516,Münzenberg,50.46003,8.74303
35519,Rockenberg,50.42293,8.75151
35576,Wetzlar,50.56298,8.48004
35578,Wetzlar,50.54989,8.51622
35579,Wetzlar,50.54122,8.45671
35580,Wetzlar,50.52862,8.48632
35581,Wetzlar,50.54880,8.57637
35582,Wetzlar,50.55939,8.59711
35583,Wetzlar,50.56666,8.52971
35584,Wetzlar,50.58321,8.52283
35585,Wetzlar,50.61306,8.50869
35586,Wetzlar,50.58390,8.48964
35606,Solms,50.55196,8.41650
35614,Aßlar,50.61322,8.43500
35619,Braunfels Neukirchen,50.49076,8.39807
35625,Hüttenberg,50.51743,8.58528
35630,Ehringshausen,50.61891,8.35638
35633,Lahnau,50.58781,8.56804
35638,Leun,50.55393,8.31693
35641,Schöffengrund,50.49564,8.47097
35644,Hohenahr,50.67319,8.52534
35647,Waldsolms,50.43481,8.49711
35649,Bischoffen,50.71353,8.49230
35683,Dillenburg,50.74455,8.27998
35684,Dillenburg,50.77714,8.29966
35685,Dillenburg,50.76710,8.26711
35686,Dillenburg,50.71663,8.23151
35687,Dillenburg,50.72185,8.30738
35688,Dillenburg,50.73529,8.34523
35689,Dillenburg,50.75103,8.33560
35690,Dillenburg,50.77246,8.32857
35708,Haiger,50.78647,8.20519
35713,Eschenburg,50.80690,8.35906
35716,Dietzhölztal,50.83427,8.30988
35719,Angelburg,50.80679,8.43310
35745,Herborn,50.68591,8.29606
35753,Greifenstein,50.60597,8.24562
35756,Mittenaar,50.68953,8.39098
35759,Driedorf,50.63401,8.18597
35764,Sinn,50.65162,8.32863
35767,Breitscheid,50.68870,8.18315
35768,Siegbach,50.73538,8.41572
35781,Weilburg,50.47974,8.26159
35789,Weilmünster,50.42961,8.37970
35792,Löhnberg,50.51103,8.27044
35794,Mengerskirchen,50.54652,8.20144
35796,Weinbach,50.43524,8.30158
35799,Merenberg,50.50510,8.18774
36037,Fulda,50.55461,9.68510
36039,Fulda,50.59974,9.67684
36041,Fulda,50.54099,9.62911
36043,Fulda,50.54108,9.69065
36088,Hünfeld,50.65627,9.75144
36093,Künzell,50.53210,9.73539
36100,Petersberg,50.57271,9.74960
36103,Flieden,50.42283,9.56557
36110,Schlitz,50.68093,9.58162
36115,Hilders,50.53196,9.98216
36119,Neuhof,50.45513,9.61419
36124,Eichenzell,50.47122,9.71413
36129,Gersfeld,50.44949,9.91982
36132,Eiterfeld,50.76095,9.80698
36137,Großenlüder,50.56792,9.55645
36142,Tann,50.64476,10.00892
36145,Hofbieber,50.58726,9.83776
36148,Kalbach,50.42862,9.64075
36151,Burghaun,50.69820,9.72625
36154,Hosenfeld,50.50516,9.47919
36157,Ebersburg,50.45999,9.78532
36160,Dipperz,50.53099,9.81030
36163,Poppenhausen,50.49826,9.88779
36166,Haunetal,50.76830,9.69389
36167,Nüsttal,50.64722,9.85824
36169,Rasdorf,50.71161,9.90179
36179,Bebra,50.96888,9.79738
36199,Rotenburg an der Fulda,51.01436,9.73892
36205,Sontra,51.08014,9.95725
36208,Wildeck,50.94996,10.02760
36211,Alheim,51.02112,9.65803
36214,Nentershausen,51.01371,9.93641
36217,Ronshausen,50.94781,9.85939
36219,Cornberg,51.04162,9.85937
36251,Bad Hersfeld,50.88038,9.70586
36266,Heringen (Werra),50.89435,9.99839
36269,Philippsthal (Werra),50.84175,10.00022
36272,Niederaula,50.80038,9.60512
36275,Kirchheim,50.83705,9.57538
36277,Schenklengsfeld,50.81920,9.80875
36280,Oberaula,50.84816,9.46043
36282,Hauneck,50.82033,9.73319
36284,Hohenroda,50.80809,9.92315
36286,Neuenstein,50.90286,9.56177
36287,Breitenbach am Herzberg,50.77476,9.51739
36289,Friedewald,50.88150,9.85663
36304,Alsfeld,50.74771,9.27586
36318,Schwalmtal,50.69669,9.32637
36320,Kirtorf,50.77162,9.10640
36323,Grebenau,50.74271,9.47354
36325,Feldatal,50.65096,9.16970
36326,Antrifttal,50.79494,9.18421
36329,Romrod,50.71471,9.22082
36341,Lauterbach,50.64633,9.36476
36355,Grebenhain,50.49479,9.30039
36358,Herbstein,50.56162,9.34772
36364,Bad Salzschlirf,50.62298,9.50889
36367,Wartenberg,50.61950,9.43755
36369,Lautertal,50.58654,9.28945
36381,Schlüchtern,50.35155,9.52320
36391,Sinntal,50.30232,9.61476
36396,Steinau an der Straße,50.32657,9.44700
36399,Freiensteinau,50.42423,9.40332
36404,Oechsen,50.79847,10.05056
36414,Unterbreizbach,50.81649,9.97973
36419,Schleid,50.73072,9.98459
36433,Moorgrund,50.82265,10.25402
36448,Steinbach,50.83338,10.36960
36452,Diedorf,50.66473,10.14051
36456,Barchfeld,50.80200,10.30908
36457,Urnshausen,50.76262,10.15593
36460,Frauensee,50.85724,10.09967
36466,Wiesenthal,50.71447,10.11907
36469,Tiefenort,50.84014,10.16540
37073,Göttingen,51.53453,9.93423
37075,Göttingen,51.53667,10.00229
37077,Göttingen,51.56655,9.96347
37079,Göttingen,51.55520,9.88839
37081,Göttingen,51.53172,9.90492
37083,Göttingen,51.52064,9.94083
37085,Göttingen,51.51673,9.97099
37115,Duderstadt,51.51300,10.21366
37120,Bovenden,51.59654,9.86087
37124,Rosdorf,51.50510,9.90166
37127,Dransfeld,51.46829,9.74476
37130,Gleichen,51.48145,10.08851
37133,Friedland,51.43718,9.92931
37136,Ebergötzen,51.54071,10.16298
37139,Adelebsen,51.56451,9.73636
37154,Northeim,51.70185,9.99819
37170,Uslar,51.68839,9.65262
37176,Nörten-Hardenberg,51.63313,9.93071
37181,Hardegsen,51.65269,9.82863
37186,Moringen,51.70444,9.84263
37191,Katlenburg-Lindau,51.65105,10.09366
37194,Bodenfelde,51.64461,9.53850
37197,Hattorf am Harz,51.65061,10.23650
37199,Wulften,51.66223,10.17448
37213,Witzenhausen,51.34246,9.85492
37214,Witzenhausen,51.33211,9.91449
37215,Witzenhausen,51.29390,9.84985
37216,Witzenhausen,51.30708,9.83531
37217,Witzenhausen,51.34937,9.77310
37218,Witzenhausen,51.37787,9.80608
37235,Hessisch Lichtenau,51.20330,9.74961
37242,Bad Sooden-Allendorf,51.27156,9.94196
37247,Großalmerode,51.24206,9.79125
37249,Neu-Eichenberg,51.38126,9.89690
37269,Eschwege,51.17783,10.04851
37276,Meinhard,51.20587,10.06684
37281,Wanfried,51.18154,10.17379
37284,Waldkappel,51.14572,9.87721
37287,Wehretal,51.15483,9.99923
37290,Meißner,51.20960,9.93881
37293,Herleshausen,51.00606,10.16488
37296,Ringgau,51.09124,10.07312
37297,Berkatal,51.23739,9.90866
37299,Weißenborn,51.11148,10.14357
37308,Steinbach,51.38965,10.16816
37318,Wahlhausen,51.36287,10.07218
37327,Hausen,51.38661,10.32291
37339,Haynrode,51.45727,10.36357
37345,Neustadt,51.52550,10.43203
37351,Dingelstädt,51.32506,10.29995
37355,Vollenborn,51.36002,10.47949
37359,Großbartloff,51.26597,10.24972
37412,Elbingerode,51.62015,10.32479
37431,Bad Lauterberg im Harz,51.61028,10.43550
37434,Rollshausen,51.60763,10.22025
37441,Bad Sachsa,51.57972,10.53845
37444,Sankt Andreasberg,51.74045,10.52807
37445,Walkenried,51.58783,10.61172
37447,Wieda,51.63151,10.58399
37449,Zorge,51.62583,10.64585
37520,Osterode am Harz,51.72393,10.23476
37534,Gittelde,51.77586,10.18957
37539,Windhausen,51.80949,10.23856
37547,Kreiensen,51.84439,9.98036
37574,Einbeck,51.84008,9.87689
37581,Bad Gandersheim,51.86727,10.05837
37586,Dassel,51.81257,9.69616
37589,Kalefeld,51.79127,10.07356
37603,Holzminden,51.78475,9.51619
37619,Pegestorf,51.95522,9.51824
37620,Halle,51.99054,9.56164
37627,Heinade,51.85165,9.61033
37632,Eimen,51.92971,9.63804
37633,Dielmissen,51.97381,9.61734
37635,Lüerdissen,51.95187,9.62542
37639,Bevern,51.85687,9.49551
37640,Golmbach,51.89530,9.53309
37642,Holenberg,51.91266,9.58178
37643,Negenborn,51.88841,9.56878
37647,Brevörde,51.89800,9.40266
37649,Heinsen,51.87201,9.42572
37671,Höxter,51.79809,9.35103
37688,Beverungen,51.66014,9.34661
37691,Boffzen,51.75039,9.39878
37696,Marienmünster,51.81830,9.23079
37697,Lauenförde,51.65984,9.38790
37699,Fürstenberg,51.73271,9.40294
38023,Braunschweig,51.16569,10.45153
38100,Braunschweig,52.26300,10.52143
38102,Braunschweig,52.25668,10.53361
38104,Braunschweig,52.27640,10.58147
38106,Braunschweig,52.28023,10.53902
38108,Braunschweig,52.30885,10.57935
38110,Braunschweig,52.32812,10.51157
38112,Braunschweig,52.30737,10.47625
38114,Braunschweig,52.28049,10.50620
38116,Braunschweig,52.27744,10.45020
38118,Braunschweig,52.26140,10.50254
38120,Braunschweig,52.25413,10.47053
38122,Braunschweig,52.22171,10.47275
38124,Braunschweig,52.22803,10.53117
38126,Braunschweig,52.23464,10.56650
38154,Königslutter am Elm,52.27321,10.79297
38159,Vechelde,52.25836,10.36267
38162,Cremlingen,52.27194,10.68968
38165,Lehre,52.33686,10.68563
38170,Kneitlingen,52.14356,10.80059
38173,Dettum,52.21634,10.63707
38176,Wendeburg,52.32076,10.38628
38179,Schwülper,52.34237,10.44569
38226,Salzgitter,52.15904,10.33250
38228,Salzgitter Lichtenberg,52.13618,10.28762
38229,Salzgitter Hallendorf,52.10799,10.36410
38239,Salzgitter Watenstedt,52.18851,10.42366
38259,Salzgitter,52.06402,10.37652
38268,Lengede,52.20097,10.28284
38271,Baddeckenstedt,52.08398,10.23148
38272,Burgdorf,52.14413,10.21754
38274,Elbe,52.08887,10.27716
38275,Haverlah,52.05305,10.32834
38277,Heere,52.06021,10.23752
38279,Sehlde,52.02665,10.25392
38281,Wolfenbüttel,51.16569,10.45153
38300,Wolfenbüttel,52.14929,10.56171
38302,Wolfenbüttel,52.17586,10.56464
38304,Wolfenbüttel,52.16247,10.52203
38312,Cramme,52.06714,10.57869
38315,Werlaburgdorf,52.02221,10.54003
38319,Remlingen,52.11360,10.67537
38321,Denkte,52.14489,10.61272
38322,Hedeper,52.06568,10.68107
38324,Kissenbrück,52.11146,10.59451
38325,Roklum,52.07951,10.73890
38327,Semmenstedt,52.09374,10.70067
38329,Wittmar,52.13090,10.64158
38350,Helmstedt,52.24301,11.00172
38364,Schöningen,52.13943,10.96022
38368,Rennau,52.30622,11.01380
38372,Büddenstedt,52.17100,11.01943
38373,Süpplingen,52.22801,10.90589
38375,Räbke,52.19518,10.87924
38376,Süpplingenburg,52.25101,10.91196
38378,Warberg,52.17806,10.92057
38379,Wolsdorf,52.18902,10.94126
38381,Jerxheim,52.07548,10.89810
38382,Beierstedt,52.06908,10.85168
38384,Gevensleben,52.07170,10.82348
38385,Ingeleben,52.11047,10.86806
38387,Söllingen,52.09157,10.92630
38388,Twieflingen,52.12527,10.91775
38440,Wolfsburg,52.42068,10.77003
38442,Wolfsburg,52.42265,10.68968
38444,Wolfsburg,52.37323,10.75874
38446,Wolfsburg,52.38614,10.85233
38448,Wolfsburg,52.45381,10.82003
38458,Velpke,52.40349,10.95532
38459,Bahrdorf,52.37285,10.99481
38461,Danndorf,52.44000,10.91071
38462,Grafhorst,52.44386,10.94616
38464,Groß Twülpstedt,52.36007,10.90103
38465,Brome,52.59897,10.93306
38467,Bergfeld,52.54295,10.84795
38468,Ehra-Lessien,52.57494,10.79386
38470,Parsau,52.53516,10.88809
38471,Rühen,52.49013,10.89367
38473,Tiddische,52.51793,10.80646
38474,Tülau,52.57875,10.86960
38476,Barwedel,52.52131,10.77495
38477,Jembke,52.50008,10.76376
38479,Tappenbeck,52.47167,10.73926
38486,Klötze,52.62603,11.17187
38489,Jeeben,52.68405,11.01609
38518,Gifhorn,52.50317,10.51458
38524,Sassenburg,52.54371,10.66311
38527,Meine,52.36797,10.58016
38528,Adenbüttel,52.38526,10.44740
38530,Didderse,52.38155,10.39836
38531,Rötgesbüttel,52.41582,10.53090
38533,Vordorf,52.36978,10.50014
38536,Meinersen,52.47661,10.32805
38539,Müden (Aller),52.52595,10.36397
38542,Leiferde,52.44571,10.43376
38543,Hillerse,52.41286,10.40354
38547,Calberlah,52.42396,10.62185
38550,Isenbüttel,52.43754,10.58500
38551,Ribbesbüttel,52.43322,10.51002
38553,Wasbüttel,52.41543,10.59116
38554,Weyhausen,52.46276,10.71939
38556,Bokensdorf,52.50268,10.69883
38557,Osloß,52.47086,10.68194
38559,Wagenhoff,52.55211,10.52296
38640,Goslar,51.91138,10.43814
38642,Goslar,51.91404,10.46805
38644,Goslar Jerstedt,51.88593,10.45375
38667,Bad Harzburg,51.87586,10.56552
38678,Clausthal-Zellerfeld,51.81073,10.33890
38685,Langelsheim,51.89835,10.31419
38690,Vienenburg,51.96107,10.56930
38700,Braunlage,51.72500,10.61146
38704,Liebenburg,51.99687,10.40908
38707,Schulenberg im Oberharz,51.82145,10.45811
38709,Wildemann,51.82883,10.28346
38723,Seesen,51.89902,10.18489
38729,Lutter am Barenberge,51.98929,10.26786
38820,Halberstadt,51.89621,11.03839
38822,Ströbeck,51.93746,11.05498
38828,Wegeleben,51.88217,11.17231
38829,Harsleben,51.86951,11.09832
38835,Veltheim,51.97800,10.73566
38836,Vogelsdorf,52.00893,10.86441
38838,Schlanstedt,52.01230,11.03547
38855,Reddeber,51.84375,10.79931
38871,Langeln,51.89536,10.70342
38875,Königshütte,51.74239,10.76526
38877,Benneckenstein,51.66413,10.72186
38879,Schierke,51.76539,10.65644
38889,Blankenburg,51.78685,10.95099
38895,Langenstein,51.87070,10.90885
38899,Hasselfelde,51.69180,10.85503
39014,Magdeburg,51.16569,10.45153
39104,Magdeburg,52.11463,11.63263
39106,Magdeburg,52.14227,11.65244
39108,Magdeburg,52.13517,11.61538
39110,Magdeburg,52.12864,11.58842
39112,Magdeburg,52.11313,11.60809
39114,Magdeburg,52.08840,11.70680
39116,Magdeburg,52.08197,11.55581
39118,Magdeburg,52.09123,11.60596
39120,Magdeburg,52.08849,11.63200
39122,Magdeburg,52.07129,11.67132
39124,Magdeburg,52.15789,11.64411
39126,Magdeburg,52.17807,11.66679
39128,Magdeburg,52.16755,11.61426
39130,Magdeburg,52.15577,11.57220
39164,Klein Wanzleben,52.07002,11.36887
39167,Wellen,52.13518,11.50131
39171,Sülzetal,52.03183,11.51991
39175,Biederitz,52.14738,11.76182
39179,Barleben,52.20582,11.60820
39218,Schönebeck (Elbe),52.00914,11.74705
39221,Großmühlingen,51.97447,11.65596
39240,Zuchau,51.90367,11.83496
39245,Plötzky,52.07482,11.82359
39249,Tornitz,51.96663,11.88031
39261,Zerbst,51.96244,12.09812
39264,Güterglück,52.00334,12.22069
39279,Zeppernick,52.10347,12.08581
39288,Burg,52.29785,11.87164
39291,Wüstenjerichow,52.14254,11.95492
39307,Tucheim,52.37445,12.17608
39317,Elbe-Parey,52.38350,11.98413
39319,Redekin,52.49992,12.02765
39326,Klein Ammensleben,52.27958,11.62463
39340,Haldensleben,52.29038,11.40587
39343,Hillersleben,52.22486,11.30453
39345,Vahldorf,52.33737,11.36597
39356,Behnsdorf,52.32959,11.11053
39359,Rätzlingen,52.40715,11.20149
39365,Harbke,52.14756,11.22068
39387,Hornhausen,52.01819,11.21961
39393,Ausleben,52.08624,11.11985
39397,Gröningen,51.94192,11.23244
39398,Klein Oschersleben,51.99247,11.31928
39418,Staßfurt,51.86480,11.58228
39434,Hecklingen bei Staßfurt,51.16569,10.45153
39435,Tarthun,51.94100,11.42505
39439,Rathmannsdorf,51.79753,11.61268
39443,Hohenerxleben,51.89816,11.63385
39444,Hecklingen,51.84723,11.53484
39446,Löderburg,51.89681,11.52954
39448,Etgersleben,51.98727,11.42751
39517,Mahlwinkel,52.43399,11.81062
39524,Schönhausen (Elbe),52.58293,12.03886
39539,Havelberg,52.83068,12.16724
39576,Stendal,52.56378,11.80656
39579,Hüselitz,52.62268,11.65093
39590,Storkau (Elbe),52.56094,11.94126
39596,Beelitz,52.72760,11.95016
39599,Insel,52.62138,11.71825
39606,Krevese,52.78907,11.72233
39615,Aulosen,52.88777,11.75233
39619,Kläden,52.85946,11.44928
39624,Badel,52.68707,11.43720
39629,Bismark (Altmark),52.66141,11.55543
39638,Gardelegen,52.53867,11.40509
39646,Oebisfelde,52.43521,10.98696
39649,Dannefeld,52.49571,11.17824
40210,Düsseldorf,51.22253,6.78772
40211,Düsseldorf,51.23011,6.79288
40212,Düsseldorf,51.22360,6.78053
40213,Düsseldorf,51.22209,6.77271
40215,Düsseldorf,51.21494,6.78256
40217,Düsseldorf,51.21273,6.77540
40219,Düsseldorf,51.21349,6.76234
40221,Düsseldorf,51.19971,6.75072
40223,Düsseldorf,51.19978,6.77225
40225,Düsseldorf,51.19744,6.78988
40227,Düsseldorf,51.21538,6.79757
40229,Düsseldorf,51.19679,6.84602
40231,Düsseldorf,51.21348,6.83024
40233,Düsseldorf,51.21981,6.81190
40235,Düsseldorf,51.22941,6.82752
40237,Düsseldorf,51.23574,6.80917
40239,Düsseldorf,51.24529,6.80322
40468,Düsseldorf,51.26116,6.77890
40470,Düsseldorf,51.25686,6.80771
40472,Düsseldorf,51.26849,6.83379
40474,Düsseldorf,51.27381,6.74219
40476,Düsseldorf,51.24801,6.77902
40477,Düsseldorf,51.23846,6.78498
40479,Düsseldorf,51.23328,6.78371
40489,Düsseldorf,51.33052,6.76259
40545,Düsseldorf,51.22840,6.75437
40547,Düsseldorf,51.24193,6.74772
40549,Düsseldorf,51.23307,6.71909
40589,Düsseldorf,51.16408,6.82144
40591,Düsseldorf,51.18795,6.81736
40593,Düsseldorf,51.14031,6.86854
40595,Düsseldorf,51.14078,6.90507
40597,Düsseldorf,51.16379,6.87102
40599,Düsseldorf,51.18250,6.86570
40625,Düsseldorf,51.23584,6.85232
40627,Düsseldorf,51.20244,6.88388
40629,Düsseldorf,51.25504,6.88361
40667,Meerbusch,51.25050,6.69019
40668,Meerbusch,51.30871,6.68430
40670,Meerbusch,51.27016,6.62210
40699,Erkrath,51.22085,6.92827
40721,Hilden,51.16905,6.91540
40723,Hilden,51.15447,6.94012
40724,Hilden,51.17708,6.95719
40764,Langenfeld,51.11899,6.96257
40789,Monheim am Rhein,51.09661,6.89744
40822,Mettmann,51.25439,6.98320
40832,Ratingen,51.16569,10.45153
40878,Ratingen,51.29644,6.85063
40880,Ratingen,51.30114,6.81522
40882,Ratingen,51.30056,6.91485
40883,Ratingen,51.33009,6.90972
40885,Ratingen,51.34114,6.85165
41061,Mönchengladbach,51.19419,6.42952
41063,Mönchengladbach,51.20769,6.42277
41065,Mönchengladbach,51.19517,6.45934
41066,Mönchengladbach,51.22629,6.46656
41068,Mönchengladbach,51.19874,6.39441
41069,Mönchengladbach,51.18006,6.39997
41169,Mönchengladbach,51.20157,6.34250
41179,Mönchengladbach,51.16421,6.35368
41189,Mönchengladbach,51.11438,6.40130
41199,Mönchengladbach,51.13297,6.44494
41236,Mönchengladbach,51.16683,6.44949
41238,Mönchengladbach,51.16190,6.49108
41239,Mönchengladbach,51.16549,6.42618
41334,Nettetal,51.32628,6.27210
41352,Korschenbroich,51.19565,6.54506
41363,Jüchen,51.09348,6.49485
41366,Schwalmtal,51.21131,6.25938
41372,Niederkrüchten,51.21681,6.15576
41379,Brüggen,51.25836,6.16494
41460,Neuss,51.20752,6.70631
41462,Neuss,51.21532,6.66191
41464,Neuss,51.19106,6.67262
41466,Neuss,51.16051,6.70161
41468,Neuss,51.16156,6.77453
41469,Neuss,51.15901,6.72766
41470,Neuss,51.13755,6.73568
41472,Neuss,51.16904,6.64426
41515,Grevenbroich,51.08212,6.60384
41516,Grevenbroich,51.10690,6.62946
41517,Grevenbroich,51.04627,6.58879
41539,Dormagen,51.09968,6.84532
41540,Dormagen,51.08127,6.80120
41541,Dormagen,51.13225,6.82687
41542,Dormagen,51.09944,6.75944
41564,Kaarst,51.21346,6.60203
41569,Rommerskirchen,51.05145,6.68201
41747,Viersen,51.25206,6.38032
41748,Viersen,51.23954,6.41694
41749,Viersen,51.29018,6.35612
41751,Viersen,51.25004,6.32066
41812,Erkelenz,51.07165,6.31954
41836,Hückelhoven,51.04543,6.22225
41844,Wegberg,51.14905,6.24542
41849,Wassenberg,51.11305,6.13289
42103,Wuppertal,51.25549,7.14661
42105,Wuppertal,51.26237,7.14171
42107,Wuppertal,51.26239,7.15524
42109,Wuppertal,51.27717,7.15778
42111,Wuppertal,51.29327,7.16792
42113,Wuppertal,51.27358,7.10136
42115,Wuppertal,51.25337,7.11706
42117,Wuppertal,51.24380,7.13384
42119,Wuppertal,51.24127,7.15648
42275,Wuppertal,51.27362,7.20544
42277,Wuppertal,51.28318,7.21524
42279,Wuppertal,51.29659,7.24099
42281,Wuppertal,51.28669,7.18823
42283,Wuppertal,51.27114,7.18422
42285,Wuppertal,51.25600,7.17363
42287,Wuppertal,51.25005,7.19726
42289,Wuppertal,51.26894,7.21194
42327,Wuppertal,51.24408,7.06717
42329,Wuppertal,51.22661,7.06970
42349,Wuppertal,51.20344,7.13010
42369,Wuppertal,51.22570,7.19585
42389,Wuppertal,51.27505,7.24877
42399,Wuppertal,51.24251,7.28368
42477,Radevormwald,51.20944,7.37208
42489,Wülfrath,51.28792,7.03828
42499,Hückeswagen,51.14904,7.32939
42549,Velbert,51.33100,7.02248
42551,Velbert,51.35017,7.05405
42553,Velbert,51.31585,7.09879
42555,Velbert,51.35176,7.11466
42579,Heiligenhaus,51.32377,6.96728
42651,Solingen,51.17055,7.09226
42653,Solingen,51.20105,7.08287
42655,Solingen,51.16840,7.05795
42657,Solingen,51.15313,7.06479
42659,Solingen,51.14612,7.12209
42697,Solingen,51.15403,6.99124
42699,Solingen,51.14211,7.01478
42719,Solingen,51.18438,7.04024
42781,Haan,51.20580,7.00425
42799,Leichlingen,51.10793,7.05923
42853,Remscheid,51.18330,7.17990
42855,Remscheid,51.19383,7.20096
42857,Remscheid,51.16776,7.16216
42859,Remscheid,51.16198,7.20605
42897,Remscheid,51.17301,7.28228
42899,Remscheid,51.21291,7.23260
42929,Wermelskirchen,51.10308,7.22408
44135,Dortmund,51.51268,7.47497
44137,Dortmund,51.50820,7.44162
44139,Dortmund,51.49611,7.46543
44141,Dortmund,51.50437,7.50151
44143,Dortmund,51.51953,7.51238
44145,Dortmund,51.53402,7.49258
44147,Dortmund,51.52702,7.43651
44149,Dortmund,51.50708,7.41764
44225,Dortmund,51.47618,7.44656
44227,Dortmund,51.46468,7.41983
44229,Dortmund,51.45176,7.45689
44263,Dortmund,51.49075,7.50798
44265,Dortmund,51.46401,7.49075
44267,Dortmund,51.45788,7.52615
44269,Dortmund,51.49184,7.53198
44287,Dortmund,51.48731,7.56123
44289,Dortmund,51.48559,7.58787
44309,Dortmund,51.53059,7.54589
44319,Dortmund,51.53753,7.60208
44328,Dortmund,51.54270,7.52205
44329,Dortmund,51.57303,7.54386
44339,Dortmund,51.55123,7.47904
44357,Dortmund,51.55222,7.36635
44359,Dortmund,51.56845,7.38380
44369,Dortmund,51.53539,7.40912
44379,Dortmund,51.50960,7.37776
44388,Dortmund,51.50171,7.33514
44532,Lünen,51.60033,7.53090
44534,Lünen,51.62849,7.50454
44536,Lünen,51.60375,7.47748
44575,Castrop-Rauxel,51.54580,7.30624
44577,Castrop-Rauxel,51.53290,7.34338
44579,Castrop-Rauxel,51.57868,7.28785
44581,Castrop-Rauxel,51.60023,7.32397
44623,Herne,51.53895,7.22512
44625,Herne,51.52796,7.21046
44627,Herne,51.53788,7.26364
44628,Herne,51.55753,7.24515
44629,Herne,51.54918,7.20923
44649,Herne,51.53402,7.15475
44651,Herne,51.51521,7.16000
44652,Herne,51.52480,7.17594
44653,Herne,51.54683,7.16142
44787,Bochum,51.48134,7.21687
44789,Bochum,51.46913,7.22211
44791,Bochum,51.48869,7.24741
44793,Bochum,51.47877,7.19433
44795,Bochum,51.44920,7.19578
44797,Bochum,51.42437,7.22056
44799,Bochum,51.45273,7.23130
44801,Bochum,51.45307,7.26841
44803,Bochum,51.47467,7.26059
44805,Bochum,51.51626,7.27147
44807,Bochum,51.51113,7.22631
44809,Bochum,51.49956,7.19972
44866,Bochum,51.48282,7.12812
44867,Bochum,51.46402,7.13338
44869,Bochum,51.44921,7.15980
44879,Bochum,51.42843,7.15445
44892,Bochum,51.47054,7.32691
44894,Bochum,51.49298,7.30584
45127,Essen,51.45562,7.01045
45128,Essen,51.44522,7.00783
45130,Essen,51.43843,7.01114
45131,Essen,51.42963,7.00390
45133,Essen,51.40684,6.98813
45134,Essen,51.41486,7.03030
45136,Essen,51.43564,7.03556
45138,Essen,51.44844,7.04215
45139,Essen,51.45923,7.03818
45141,Essen,51.47803,7.03288
45143,Essen,51.46279,6.97876
45144,Essen,51.45159,6.96757
45145,Essen,51.44580,6.97616
45147,Essen,51.43719,6.98834
45149,Essen,51.41880,6.96437
45219,Essen,51.36686,6.95137
45239,Essen,51.37890,7.01452
45257,Essen,51.38304,7.08186
45259,Essen,51.40209,7.06724
45276,Essen,51.44645,7.07518
45277,Essen,51.42526,7.07649
45279,Essen,51.44204,7.10424
45289,Essen,51.42046,7.11214
45307,Essen,51.46364,7.09634
45309,Essen,51.47563,7.07254
45326,Essen,51.48201,7.01041
45327,Essen,51.49883,7.03815
45329,Essen,51.51082,7.01433
45355,Essen,51.47236,6.95101
45356,Essen,51.49238,6.96943
45357,Essen,51.48433,6.92721
45359,Essen,51.46593,6.92597
45403,Mülheim an der Ruhr,51.16569,10.45153
45468,Mülheim an der Ruhr,51.42628,6.88268
45470,Mülheim an der Ruhr,51.40595,6.91438
45472,Mülheim an der Ruhr,51.43155,6.92743
45473,Mülheim an der Ruhr,51.44187,6.88655
45475,Mülheim an der Ruhr,51.45709,6.89701
45476,Mülheim an der Ruhr,51.44901,6.85490
45478,Mülheim an der Ruhr,51.43697,6.83524
45479,Mülheim an der Ruhr,51.39538,6.82502
45481,Mülheim an der Ruhr,51.38827,6.85661
45525,Hattingen,51.39484,7.18605
45527,Hattingen,51.38283,7.20978
45529,Hattingen,51.40503,7.13938
45549,Sprockhövel,51.34366,7.24655
45657,Recklinghausen,51.61650,7.18956
45659,Recklinghausen,51.63815,7.18165
45661,Recklinghausen,51.57403,7.19206
45663,Recklinghausen,51.58198,7.23464
45665,Recklinghausen,51.61239,7.25610
45699,Herten,51.58688,7.15489
45701,Herten,51.60614,7.09912
45711,Datteln,51.65553,7.32842
45721,Haltern am See,51.78103,7.18479
45731,Waltrop,51.62966,7.40297
45739,Oer-Erkenschwick,51.63774,7.25796
45768,Marl,51.65586,7.06458
45770,Marl,51.68629,7.17381
45772,Marl,51.68954,7.12050
45879,Gelsenkirchen,51.50844,7.09771
45881,Gelsenkirchen,51.52525,7.08183
45883,Gelsenkirchen,51.51884,7.05666
45884,Gelsenkirchen,51.49323,7.08710
45886,Gelsenkirchen,51.49642,7.12153
45888,Gelsenkirchen,51.51763,7.12024
45889,Gelsenkirchen,51.53645,7.11497
45891,Gelsenkirchen,51.55968,7.08051
45892,Gelsenkirchen,51.56848,7.10971
45894,Gelsenkirchen,51.58291,7.04603
45896,Gelsenkirchen,51.61094,7.01946
45897,Gelsenkirchen,51.56448,7.04472
45899,Gelsenkirchen,51.53084,7.03283
45964,Gladbeck,51.57567,6.99037
45966,Gladbeck,51.58766,6.96648
45968,Gladbeck,51.55405,6.99836
46045,Oberhausen,51.46741,6.85610
46047,Oberhausen,51.47626,6.88504
46049,Oberhausen,51.46895,6.82974
46117,Oberhausen,51.49630,6.90340
46119,Oberhausen,51.51867,6.88216
46145,Oberhausen,51.54105,6.86089
46147,Oberhausen,51.54336,6.82126
46149,Oberhausen,51.52176,6.82935
46236,Bottrop,51.52674,6.92438
46238,Bottrop,51.51398,6.96143
46240,Bottrop,51.54757,6.92958
46242,Bottrop,51.52551,6.90061
46244,Bottrop,51.59641,6.90817
46282,Dorsten,51.65100,6.96892
46284,Dorsten,51.67984,6.92897
46286,Dorsten,51.74896,7.01388
46325,Borken,51.84413,6.85722
46342,Velen,51.88076,6.93867
46348,Raesfeld,51.76963,6.84337
46354,Südlohn,51.94507,6.86823
46359,Heiden,51.82656,6.93481
46395,Bocholt,51.82669,6.58762
46397,Bocholt,51.84463,6.64579
46399,Bocholt,51.84547,6.60413
46414,Rhede,51.84160,6.69901
46419,Isselburg,51.83313,6.46415
46446,Emmerich,51.84551,6.24301
46459,Rees,51.78532,6.37658
46483,Wesel,51.66333,6.61922
46485,Wesel,51.65345,6.65371
46487,Wesel,51.68029,6.55294
46499,Hamminkeln,51.72881,6.63151
46509,Xanten,51.66524,6.44244
46514,Schermbeck,51.70695,6.82791
46519,Alpen,51.59969,6.48057
46535,Dinslaken,51.55913,6.73140
46537,Dinslaken,51.57921,6.74966
46539,Dinslaken,51.58175,6.79718
46562,Voerde,51.60052,6.65441
46569,Hünxe,51.63619,6.77024
47051,Duisburg,51.43280,6.77083
47053,Duisburg,51.42075,6.75124
47055,Duisburg,51.39844,6.77246
47057,Duisburg,51.41771,6.80382
47058,Duisburg,51.43927,6.79576
47059,Duisburg,51.43990,6.73922
47119,Duisburg,51.45348,6.73251
47137,Duisburg,51.46998,6.76654
47138,Duisburg,51.46008,6.80084
47139,Duisburg,51.47580,6.71124
47166,Duisburg,51.49359,6.76895
47167,Duisburg,51.50171,6.81104
47169,Duisburg,51.51238,6.76351
47178,Duisburg,51.53980,6.69998
47179,Duisburg,51.52635,6.75019
47198,Duisburg,51.45499,6.70622
47199,Duisburg,51.49888,6.67678
47226,Duisburg,51.40426,6.71728
47228,Duisburg,51.42377,6.69869
47229,Duisburg,51.39183,6.70430
47239,Duisburg,51.39482,6.65183
47249,Duisburg,51.38602,6.75945
47259,Duisburg,51.35432,6.71519
47269,Duisburg,51.35611,6.77546
47279,Duisburg,51.38652,6.79619
47441,Moers,51.44628,6.62755
47443,Moers,51.45799,6.65364
47445,Moers,51.48662,6.61386
47447,Moers,51.41785,6.61745
47475,Kamp-Lintfort,51.51335,6.51366
47495,Rheinberg,51.55062,6.60242
47506,Neukirchen-Vluyn,51.44793,6.55148
47509,Rheurdt,51.45230,6.47283
47533,Kleve,51.80916,6.12801
47546,Kalkar,51.75749,6.30334
47551,Bedburg-Hau,51.76311,6.19781
47559,Kranenburg,51.79365,6.01803
47574,Goch,51.70309,6.13121
47589,Uedem,51.67382,6.28436
47608,Geldern,51.52483,6.30377
47623,Kevelaer,51.57634,6.22917
47624,Kevelaer,51.55129,6.20368
47625,Kevelaer,51.56797,6.28700
47626,Kevelaer,51.59301,6.31260
47627,Kevelaer,51.62715,6.26716
47638,Straelen,51.42202,6.25409
47647,Kerken,51.45662,6.39425
47652,Weeze,51.62646,6.18065
47661,Issum,51.54000,6.41346
47665,Sonsbeck,51.62635,6.38011
47669,Wachtendonk,51.39699,6.32768
47798,Krefeld,51.32891,6.55991
47799,Krefeld,51.33857,6.57543
47800,Krefeld,51.34507,6.60016
47802,Krefeld,51.37847,6.56829
47803,Krefeld,51.34801,6.54785
47804,Krefeld,51.31757,6.52746
47805,Krefeld,51.31815,6.56399
47807,Krefeld,51.29943,6.56950
47809,Krefeld,51.33172,6.65002
47829,Krefeld,51.37403,6.64686
47839,Krefeld,51.38696,6.51062
47877,Willich,51.26081,6.50757
47906,Kempen,51.37049,6.42736
47918,Tönisvorst,51.32747,6.44385
47929,Grefrath,51.33317,6.33955
48143,Münster,51.96301,7.62676
48145,Münster,51.96648,7.65527
48147,Münster,51.97826,7.63785
48149,Münster,51.96237,7.59560
48151,Münster,51.94254,7.61423
48153,Münster,51.93121,7.62487
48155,Münster,51.94752,7.66035
48157,Münster,52.01594,7.67244
48159,Münster,52.00509,7.59356
48161,Münster,51.96019,7.54685
48163,Münster,51.89399,7.58370
48165,Münster,51.89439,7.65939
48167,Münster,51.92129,7.73571
48231,Warendorf,51.95423,7.95922
48249,Dülmen,51.85798,7.31388
48268,Greven,52.09189,7.65204
48282,Emsdetten,52.17493,7.52265
48291,Telgte,51.98788,7.77510
48301,Nottuln,51.92864,7.37365
48308,Senden,51.85740,7.49146
48317,Drensteinfurt,51.79992,7.72243
48324,Sendenhorst,51.85894,7.79397
48329,Havixbeck,51.96709,7.43879
48336,Sassenberg,52.01135,8.05903
48341,Altenberge,52.02818,7.48278
48346,Ostbevern,52.03565,7.85782
48351,Everswinkel,51.91023,7.82223
48356,Nordwalde,52.10238,7.48911
48361,Beelen,51.92218,8.11625
48366,Laer,52.05767,7.35313
48369,Saerbeck,52.18890,7.63735
48429,Rheine,52.29085,7.46407
48431,Rheine,52.27155,7.43111
48432,Rheine,52.23176,7.46886
48455,Bad Bentheim,52.29737,7.09920
48465,Quendorf,52.34423,7.20805
48477,Hörstel,52.29920,7.58444
48480,Lünne,52.39209,7.47065
48485,Neuenkirchen,52.22726,7.37078
48488,Emsbüren,52.41376,7.29567
48493,Wettringen,52.23234,7.28923
48496,Hopsten,52.40260,7.64089
48499,Salzbergen,52.31477,7.33875
48527,Nordhorn,52.43765,7.04872
48529,Nordhorn,52.40030,7.07732
48531,Nordhorn,52.43515,7.12091
48565,Steinfurt,52.15121,7.39187
48599,Gronau (Westfalen),52.18412,7.02894
48607,Ochtrup,52.20666,7.18596
48612,Horstmar,52.10299,7.31015
48619,Heek,52.12046,7.10487
48624,Schöppingen,52.09284,7.23906
48629,Metelen,52.15165,7.21290
48653,Coesfeld,51.90975,7.16369
48683,Ahaus,52.07903,7.01654
48691,Vreden,52.03611,6.82057
48703,Stadtlohn,51.99836,6.92735
48712,Gescher,51.95064,7.00814
48720,Rosendahl,52.00316,7.20161
48727,Billerbeck,51.99482,7.33643
48734,Reken,51.83143,7.04376
48739,Legden,52.04197,7.08852
49074,Osnabrück,52.27588,8.05606
49076,Osnabrück,52.29006,7.96563
49078,Osnabrück,52.25579,7.99769
49080,Osnabrück,52.26155,8.03086
49082,Osnabrück,52.24156,8.04953
49084,Osnabrück,52.27113,8.08621
49086,Osnabrück,52.26924,8.11370
49088,Osnabrück,52.29495,8.05112
49090,Osnabrück,52.30732,8.02669
49124,Georgsmarienhütte,52.20158,8.08681
49134,Wallenhorst,52.33309,8.04122
49143,Bissendorf,52.25684,8.21531
49152,Bad Essen,52.34048,8.39551
49163,Bohmte,52.42279,8.29327
49170,Hagen am Teutoburger Wald,52.19381,7.96577
49176,Hilter am Teutoburger Wald,52.17494,8.16292
49179,Ostercappeln,52.39805,8.18700
49186,Bad Iburg,52.14061,8.04103
49191,Belm,52.32551,8.15139
49196,Bad Laer,52.09499,8.08349
49201,Dissen am Teutoburger Wald,52.11463,8.19933
49205,Hasbergen,52.23824,7.96688
49214,Bad Rothenfelde,52.09502,8.16024
49219,Glandorf,52.08566,8.00022
49324,Melle,52.20524,8.34031
49326,Melle,52.16726,8.27271
49328,Melle,52.19653,8.45006
49356,Diepholz,52.60058,8.36134
49377,Vechta,52.73493,8.28805
49393,Lohne (Oldenburg),52.65057,8.26260
49401,Damme,52.52421,8.22466
49406,Barnstorf,52.71494,8.56809
49413,Dinklage,52.65066,8.10625
49419,Wagenfeld,52.54248,8.57142
49424,Goldenstedt,52.78950,8.43502
49429,Visbek,52.81939,8.31363
49434,Neuenkirchen-Vörden,52.50128,8.09053
49439,Steinfeld (Oldenburg),52.60081,8.20502
49448,Brockum,52.46180,8.37615
49451,Holdorf,52.58538,8.12447
49453,Dickel,52.59262,8.47289
49456,Bakum,52.74041,8.19532
49457,Drebber,52.67332,8.39782
49459,Lembruch,52.52575,8.36743
49477,Ibbenbüren,52.27500,7.70997
49479,Ibbenbüren,52.24830,7.70946
49492,Westerkappeln,52.31375,7.87286
49497,Mettingen,52.32872,7.78786
49504,Lotte,52.31384,7.93049
49509,Recke,52.35516,7.71148
49525,Lengerich,52.16494,7.83904
49536,Lienen,52.14533,7.97398
49545,Tecklenburg,52.24108,7.81887
49549,Ladbergen,52.13648,7.73724
49565,Bramsche,52.40945,8.02134
49577,Kettenkamp,52.54109,7.87143
49584,Fürstenau,52.50791,7.67019
49586,Neuenkirchen,52.43387,7.81766
49593,Bersenbrück,52.55469,7.93669
49594,Alfhausen,52.50031,7.95193
49596,Gehrde,52.57202,7.99820
49597,Rieste,52.48484,8.01139
49599,Voltlage,52.43932,7.73509
49610,Quakenbrück,52.67642,7.96486
49624,Löningen,52.72681,7.77398
49626,Berge,52.60372,7.68290
49632,Essen (Oldenburg),52.71571,7.94080
49635,Badbergen,52.63567,7.98152
49637,Menslage,52.67530,7.81880
49638,Nortrup,52.61587,7.86071
49661,Cloppenburg,52.85028,8.02265
49681,Garrel,52.96576,8.07088
49685,Emstek,52.82722,8.20150
49688,Lastrup,52.79435,7.89251
49692,Cappeln (Oldenburg),52.81052,8.11404
49696,Molbergen,52.88863,7.93397
49699,Lindern (Oldenburg),52.84459,7.77995
49716,Meppen,52.71621,7.26409
49733,Haren,52.80431,7.23121
49740,Haselünne,52.66014,7.47354
49744,Geeste,52.59904,7.24714
49751,Spahnharrenstätte,52.84113,7.51912
49757,Werlte,52.82229,7.63096
49762,Lathen,52.88228,7.36462
49767,Twist,52.67249,7.09880
49770,Herzlake,52.68200,7.60253
49774,Lähden,52.74409,7.56764
49777,Klein Berßen,52.80203,7.44172
49779,Oberlangen,52.85629,7.28333
49808,Lingen,52.55341,7.29091
49809,Lingen,52.51212,7.32778
49811,Lingen,52.54443,7.35840
49824,Emlichheim,52.61218,6.84698
49828,Georgsdorf,52.55701,7.05515
49832,Freren,52.48427,7.53764
49835,Wietmarschen,52.50485,7.20846
49838,Handrup,52.57215,7.50568
49843,Wielen,52.49368,6.87831
49844,Bawinkel,52.59365,7.42047
49846,Hoogstede,52.57850,6.94675
49847,Itterbeck,52.50457,6.80396
49849,Wilsum,52.53736,6.84223
50126,Bergheim,50.96065,6.62098
50127,Bergheim,50.93908,6.68701
50129,Bergheim,50.97687,6.70354
50169,Kerpen,50.87546,6.73811
50170,Kerpen,50.87806,6.60142
50171,Kerpen,50.85303,6.67386
50181,Bedburg,51.01888,6.51679
50189,Elsdorf,50.92226,6.55957
50226,Frechen,50.90894,6.79210
50259,Pulheim,50.99303,6.78629
50321,Brühl,50.82041,6.87533
50354,Hürth,50.86315,6.85962
50374,Erftstadt,50.79481,6.77746
50389,Wesseling,50.81426,6.97872
50667,Köln,50.93864,6.95388
50668,Köln,50.94857,6.96295
50670,Köln,50.94974,6.94347
50672,Köln,50.94358,6.93700
50674,Köln,50.93465,6.93314
50676,Köln,50.93210,6.95390
50677,Köln,50.92004,6.95330
50678,Köln,50.92359,6.96495
50679,Köln,50.93471,6.97596
50733,Köln,50.96483,6.95382
50735,Köln,50.97676,6.97329
50737,Köln,50.98941,6.93687
50739,Köln,50.97708,6.92392
50765,Köln,51.02425,6.87955
50767,Köln,50.99843,6.87700
50769,Köln,51.05602,6.87419
50823,Köln,50.95089,6.92400
50825,Köln,50.95166,6.91103
50827,Köln,50.97107,6.89278
50829,Köln,50.98293,6.86937
50858,Köln,50.92100,6.85414
50859,Köln,50.95348,6.83581
50931,Köln,50.93026,6.91888
50933,Köln,50.94011,6.88514
50935,Köln,50.92110,6.89688
50937,Köln,50.90963,6.91377
50939,Köln,50.90998,6.92838
50968,Köln,50.90377,6.96822
50969,Köln,50.90809,6.93969
50996,Köln,50.88160,6.98900
50997,Köln,50.85855,6.93724
50999,Köln,50.88004,7.01493
51061,Köln,50.99584,7.00447
51063,Köln,50.97442,7.01229
51065,Köln,50.95616,7.01100
51067,Köln,50.96491,7.03960
51069,Köln,50.99270,7.05654
51103,Köln,50.94030,7.01361
51105,Köln,50.92284,6.99934
51107,Köln,50.91734,7.09025
51109,Köln,50.93875,7.08249
51143,Köln,50.85787,7.03567
51145,Köln,50.88178,7.08223
51147,Köln,50.86819,7.12390
51149,Köln,50.90939,7.04867
51371,Leverkusen,51.06250,6.94186
51373,Leverkusen,51.02839,6.98621
51375,Leverkusen,51.03479,7.05396
51377,Leverkusen,51.05466,7.07224
51379,Leverkusen,51.06972,6.99658
51381,Leverkusen,51.07770,7.03832
51399,Burscheid,51.07771,7.12452
51427,Bergisch Gladbach,50.95700,7.12678
51429,Bergisch Gladbach,50.96806,7.20240
51465,Bergisch Gladbach,50.99667,7.16341
51467,Bergisch Gladbach,51.01398,7.07924
51469,Bergisch Gladbach,50.98716,7.10472
51491,Overath,50.94095,7.30136
51503,Rösrath,50.90621,7.18645
51515,Kürten,51.04900,7.24992
51519,Odenthal,51.04250,7.10844
51545,Waldbröl,50.85913,7.59813
51570,Windeck,50.78803,7.56553
51580,Reichshof,50.94916,7.66274
51588,Nümbrecht,50.90538,7.53090
51597,Morsbach,50.87281,7.70838
51598,Friesenhagen,50.90307,7.81041
51643,Gummersbach,51.02513,7.54330
51645,Gummersbach,50.98947,7.52698
51647,Gummersbach,51.04621,7.62255
51674,Wiehl,50.94826,7.51586
51688,Wipperfürth,51.10273,7.39724
51702,Bergneustadt,51.02214,7.66946
51709,Marienheide,51.07197,7.54931
51766,Engelskirchen,50.97557,7.41673
51789,Lindlar,51.02180,7.34917
52062,Aachen,50.77805,6.08877
52064,Aachen,50.76807,6.08015
52066,Aachen,50.75334,6.11239
52068,Aachen,50.77941,6.13390
52070,Aachen,50.79593,6.09589
52072,Aachen,50.82472,6.04407
52074,Aachen,50.77796,6.04041
52076,Aachen,50.71493,6.14908
52078,Aachen,50.75066,6.16339
52080,Aachen,50.79258,6.15972
52134,Herzogenrath,50.88402,6.10866
52146,Würselen,50.81938,6.14623
52152,Simmerath,50.61207,6.31942
52156,Monschau,50.53262,6.25015
52159,Roetgen,50.64604,6.20032
52222,Stolberg (Rheinland),50.78028,6.22372
52223,Stolberg (Rheinland),50.74795,6.21442
52224,Stolberg (Rheinland),50.72872,6.28118
52249,Eschweiler,50.82357,6.26364
52349,Düren,50.80445,6.47018
52351,Düren,50.79440,6.51010
52353,Düren,50.82890,6.45308
52355,Düren,50.78215,6.44879
52372,Kreuzau,50.73810,6.49051
52379,Langerwehe,50.80700,6.37660
52382,Niederzier,50.89489,6.48790
52385,Nideggen,50.67635,6.47619
52388,Nörvenich,50.81327,6.63827
52391,Vettweiß,50.75293,6.59793
52393,Hürtgenwald,50.70257,6.37869
52396,Heimbach,50.63437,6.45831
52399,Merzenich,50.83124,6.52583
52428,Jülich,50.94189,6.39443
52441,Linnich,50.97920,6.28561
52445,Titz,51.00557,6.42699
52457,Aldenhoven,50.89652,6.26703
52459,Inden,50.84661,6.35784
52477,Alsdorf,50.86482,6.17566
52499,Baesweiler,50.92130,6.19465
52511,Geilenkirchen,50.96672,6.12678
52525,Waldfeucht,51.04119,6.10410
52531,Übach-Palenberg,50.92536,6.11771
52538,Gangelt,51.01611,5.98177
53111,Bonn,50.74195,7.09504
53113,Bonn,50.71942,7.12211
53115,Bonn,50.72139,7.08982
53117,Bonn,50.75894,7.07310
53119,Bonn,50.74391,7.06273
53121,Bonn,50.73363,7.06013
53123,Bonn,50.71386,7.04204
53125,Bonn,50.66252,7.07162
53127,Bonn,50.69807,7.08718
53129,Bonn,50.70746,7.10935
53173,Bonn,50.68946,7.16745
53175,Bonn,50.69492,7.13882
53177,Bonn,50.67438,7.13357
53179,Bonn,50.66003,7.18341
53225,Bonn,50.75895,7.11578
53227,Bonn,50.72257,7.15573
53229,Bonn,50.74549,7.16490
53332,Bornheim,50.77309,6.96844
53340,Meckenheim,50.61906,7.01493
53343,Wachtberg,50.61989,7.08699
53347,Alfter,50.70829,7.00463
53359,Rheinbach,50.60714,6.95325
53424,Remagen,50.58673,7.20277
53426,Schalkenbach,50.49565,7.15123
53474,Bad Neuenahr-Ahrweiler,50.53473,7.11759
53489,Sinzig,50.52838,7.22041
53498,Waldorf,50.49918,7.27165
53501,Grafschaft,50.58043,7.05089
53505,Kirchsahr,50.54829,6.99493
53506,Heckenbach,50.48252,6.98645
53507,Dernau,50.53391,7.04568
53508,Mayschoß,50.51497,7.01489
53518,Adenau,50.38252,6.93157
53520,Kaltenborn,50.42268,6.90756
53533,Antweiler,50.41461,6.80770
53534,Wiesemscheid,50.34786,6.85686
53539,Kirsbach,50.30000,6.87738
53545,Linz am Rhein,50.58030,7.30588
53547,Kasbach-Ohlenberg,50.56516,7.38060
53557,Bad Hönningen,50.51754,7.30855
53560,Vettelschoß,50.61772,7.33208
53562,Sankt Katharinen,50.58728,7.36018
53567,Asbach,50.68264,7.41828
53572,Unkel,50.60269,7.25255
53577,Neustadt (Wied),50.62110,7.40196
53578,Windhagen,50.63936,7.36076
53579,Erpel,50.58619,7.23683
53604,Bad Honnef,50.64978,7.27809
53619,Rheinbreitbach,50.62165,7.22865
53639,Königswinter,50.69245,7.26292
53721,Siegburg,50.80005,7.21184
53757,Sankt Augustin,50.75891,7.20122
53773,Hennef,50.76354,7.29461
53783,Eitorf,50.76477,7.44014
53797,Lohmar,50.86017,7.25381
53804,Much,50.89316,7.39484
53809,Ruppichteroth,50.82810,7.43055
53819,Neunkirchen-Seelscheid,50.85528,7.33186
53840,Troisdorf,50.81908,7.15745
53842,Troisdorf,50.84441,7.17055
53844,Troisdorf,50.78585,7.10291
53859,Niederkassel,50.80958,7.05635
53879,Euskirchen,50.65332,6.78877
53881,Euskirchen,50.63528,6.82993
53894,Mechernich,50.59504,6.62549
53902,Bad Münstereifel,50.53266,6.80491
53909,Zülpich,50.67725,6.64500
53913,Swisttal,50.69236,6.92220
53919,Weilerswist,50.73958,6.82933
53925,Kall,50.52680,6.54480
53937,Schleiden,50.56258,6.46281
53940,Hellenthal,50.43947,6.43446
53945,Blankenheim,50.41300,6.73760
53947,Nettersheim,50.49904,6.66738
53949,Dahlem,50.38636,6.54641
54290,Trier,49.74957,6.63338
54292,Trier,49.77003,6.67924
54293,Trier,49.79572,6.67903
54294,Trier,49.73923,6.58998
54295,Trier,49.74105,6.64610
54296,Trier,49.72881,6.68208
54298,Greimerath,49.85309,6.56940
54306,Kordel,49.83300,6.65625
54308,Langsur,49.72897,6.51078
54309,Newel,49.80473,6.61166
54310,Menningen,49.82052,6.51439
54311,Trierweiler,49.75941,6.55692
54313,Zemmer,49.89139,6.69743
54314,Hentern,49.60112,6.68743
54316,Hinzenburg,49.67873,6.74208
54317,Farschweiler,49.71485,6.79303
54318,Mertesdorf,49.77191,6.73282
54320,Waldrach,49.74471,6.76164
54329,Konz,49.67566,6.62541
54331,Pellingen,49.67513,6.67079
54332,Wasserliesch,49.70675,6.54001
54338,Schweich,49.83337,6.73863
54340,Detzem,49.83891,6.85195
54341,Fell,49.77356,6.78019
54343,Föhren,49.85875,6.76572
54344,Kenn,49.80172,6.72126
54346,Mehring,49.79707,6.82364
54347,Neumagen-Dhron,49.85672,6.89740
54349,Trittenheim,49.81760,6.91879
54411,Hermeskeil,49.65667,6.94885
54413,Damflos,49.72609,6.91586
54421,Hinzert-Pölert,49.67551,6.87467
54422,Börfink,49.66692,7.03371
54424,Etgert,49.75083,7.00390
54426,Hilscheid,49.76052,6.95280
54427,Kell am See,49.63427,6.82357
54429,Schillingen,49.63470,6.78629
54439,Palzem,49.60041,6.50744
54441,Trassem,49.63944,6.54156
54450,Freudenburg,49.54267,6.53298
54451,Irsch,49.60388,6.59371
54453,Nittel,49.65279,6.44705
54455,Serrig,49.57929,6.60904
54456,Tawern,49.67136,6.52169
54457,Wincheringen,49.60865,6.42786
54459,Wiltingen,49.65984,6.58927
54470,Bernkastel-Kues,49.91683,7.06457
54472,Veldenz,49.89124,7.07324
54483,Kleinich,49.89343,7.18650
54484,Maring-Noviand,49.93702,6.98657
54486,Mülheim,49.90702,7.01420
54487,Wintrich,49.88483,6.95277
54492,Lösnich,49.96595,7.01934
54497,Horath,49.82177,7.10443
54498,Piesport,49.86903,6.91874
54516,Flußbach,49.98838,6.90348
54518,Gladbach,49.95221,6.81812
54523,Dierscheid,49.88660,6.79586
54524,Klausen,49.90245,6.87602
54526,Landscheid,49.98797,6.77316
54528,Salmtal,49.92717,6.84851
54529,Spangdahlem,49.98531,6.69243
54531,Eckfeld,50.09606,6.82754
54533,Willwerscheid,50.07866,6.77218
54534,Musweiler,50.03648,6.78753
54536,Kröv,49.99257,7.09006
54538,Kinheim,50.02296,7.01439
54539,Ürzig,49.98300,6.99993
54550,Daun,50.20093,6.80176
54552,Neichen,50.17706,6.88055
54558,Mückeln,50.11017,6.92229
54568,Gerolstein,50.22066,6.63986
54570,Densborn,50.13325,6.72140
54574,Birresborn,50.17564,6.62522
54576,Hillesheim,50.29159,6.67185
54578,Wiesbaum,50.30522,6.69693
54579,Üxheim,50.32242,6.76045
54584,Gönnersdorf,50.33190,6.59561
54585,Esch,50.36259,6.60284
54586,Schüller,50.33096,6.56652
54587,Lissendorf,50.31073,6.60346
54589,Kerschenbach,50.34095,6.52716
54595,Pittenbach,50.22251,6.42310
54597,Euscheid,50.13897,6.34764
54608,Oberlascheid,50.24031,6.28701
54610,Büdesheim,50.21723,6.55840
54611,Scheid,50.35206,6.42082
54612,Wawern,50.11084,6.48020
54614,Oberlauch,50.15848,6.45936
54616,Winterspelt,50.21231,6.21138
54617,Lützkampen,50.14833,6.17141
54619,Sengerich,50.13772,6.21658
54634,Bitburg,49.96812,6.54235
54636,Hamm,49.99789,6.49627
54646,Halsdorf,49.94518,6.39373
54647,Dudeldorf,49.98275,6.64732
54649,Waxweiler,50.08513,6.38539
54655,Etteldorf,50.05755,6.60138
54657,Neidenbach,50.00190,6.60883
54662,Philippsheim,49.94066,6.66275
54664,Hosten,49.90619,6.63557
54666,Irrel,49.84704,6.45684
54668,Echternacherbrück,49.87210,6.41906
54669,Bollendorf,49.85275,6.35991
54673,Zweifelscheid,49.99551,6.23244
54675,Gentingen,49.90874,6.31392
54687,Arzfeld,50.08652,6.26532
54689,Dahnen,50.07016,6.18582
55116,Mainz,49.99904,8.27466
55118,Mainz,50.00939,8.25641
55120,Mainz,50.02065,8.22532
55122,Mainz,50.00179,8.23616
55124,Mainz,50.00223,8.19373
55126,Mainz,49.98809,8.17740
55127,Mainz,49.97096,8.19767
55128,Mainz,49.97834,8.23908
55129,Mainz,49.94066,8.26070
55130,Mainz,49.95168,8.32287
55131,Mainz,49.98892,8.27167
55218,Ingelheim am Rhein,49.96434,8.07167
55232,Ensheim,49.74599,8.09975
55234,Wahlheim,49.70210,8.13890
55237,Bornheim,49.78563,8.03697
55239,Gau-Odernheim,49.77912,8.21325
55246,Mainz-Kostheim,50.00780,8.30013
55252,Mainz-Kastel,50.02710,8.27967
55257,Budenheim,50.02429,8.17399
55262,Heidesheim am Rhein,49.99461,8.11315
55263,Wackernheim,49.96537,8.13069
55268,Nieder-Olm,49.90848,8.20552
55270,Essenheim,49.94794,8.15828
55271,Stadecken-Elsheim,49.90289,8.13866
55276,Oppenheim,49.83598,8.35386
55278,Dalheim,49.83783,8.25653
55283,Nierstein,49.87453,8.31959
55286,Sulzheim,49.84867,8.10343
55288,Schornsheim,49.83958,8.15934
55291,Saulheim,49.87168,8.14263
55294,Bodenheim,49.93239,8.30406
55296,Lörzweiler,49.90208,8.29508
55299,Nackenheim,49.90941,8.33650
55411,Bingen am Rhein,49.94370,7.92253
55413,Oberheimbach,49.95753,7.86457
55422,Breitscheid,50.06043,7.76825
55424,Münster-Sarmsheim,49.94169,7.87649
55425,Waldalgesheim,49.95154,7.83428
55430,Oberwesel,50.07793,7.69343
55432,Niederburg,50.10209,7.68250
55435,Gau-Algesheim,49.95316,8.00980
55437,Ober-Hilbersheim,49.93033,8.03292
55442,Roth,49.97605,7.74977
55444,Seibersbach,49.96077,7.71575
55450,Langenlonsheim,49.89861,7.90332
55452,Hergenfeld,49.89159,7.84458
55457,Horrweiler,49.89623,7.92603
55459,Aspisheim,49.90648,7.98109
55469,Ohlweiler,49.98951,7.54625
55471,Wüschheim,49.99609,7.44468
55481,Nieder Kostenz,49.94321,7.40837
55483,Lautzenhausen,49.93805,7.26760
55487,Dill,49.93234,7.30882
55490,Woppenroth,49.89576,7.48037
55491,Niederweiler,49.90981,7.26124
55494,Erbach,50.02507,7.63355
55496,Argenthal,49.97143,7.59823
55497,Schnorbach,49.98832,7.64297
55499,Riesweiler,49.95887,7.55709
55543,Bad Kreuznach,49.82872,7.87071
55545,Bad Kreuznach,49.84789,7.85852
55546,Fürfeld,49.79997,7.90035
55559,Bretzenheim,49.87776,7.89642
55566,Kirschroth,49.79730,7.64903
55568,Staudernheim,49.75984,7.67099
55569,Langenthal,49.79928,7.59146
55571,Odernheim am Glan,49.76462,7.70428
55576,Badenheim,49.86006,7.98988
55578,Vendersheim,49.84573,8.04891
55583,Bad Münster am Stein-Ebernburg,49.80014,7.83685
55585,Altenbamberg,49.78745,7.83201
55590,Meisenheim,49.70854,7.66984
55592,Raumbach,49.71831,7.62871
55593,Rüdesheim,49.84587,7.80758
55595,Gutenberg,49.86385,7.73176
55596,Waldböckelheim,49.81528,7.71785
55597,Wöllstein,49.81253,7.96000
55599,Stein-Bockenheim,49.78207,7.96296
55606,Horbach,49.78701,7.49201
55608,Hausen,49.78100,7.41761
55618,Simmertal,49.81229,7.51974
55619,Hennweiler,49.82608,7.44464
55621,Hundsbach,49.72611,7.55908
55624,Rhaunen,49.87930,7.33671
55626,Bundenbach,49.85117,7.37425
55627,Merxheim,49.78373,7.54248
55629,Schwarzerden,49.85152,7.52854
55743,Gerach,49.71426,7.34479
55756,Herrstein,49.78115,7.34309
55758,Asbach,49.81240,7.25528
55765,Rimsberg,49.64293,7.17356
55767,Abentheuer,49.70508,7.16398
55768,Hoppstädten-Weiersbach,49.61478,7.18855
55774,Baumholder,49.64121,7.36394
55776,Rückweiler,49.61106,7.27337
55777,Eckersweiler,49.57721,7.29211
55779,Heimbach,49.61281,7.25131
56068,Koblenz,50.35115,7.59520
56070,Koblenz,50.38579,7.58168
56072,Koblenz,50.35769,7.53483
56073,Koblenz,50.34815,7.56168
56075,Koblenz,50.31438,7.56236
56076,Koblenz,50.33056,7.63212
56077,Koblenz,50.36116,7.64047
56112,Lahnstein,50.31014,7.61188
56130,Bad Ems,50.35051,7.72275
56132,Becheln,50.31612,7.69362
56133,Fachbach,50.33945,7.68948
56154,Boppard,50.21468,7.58106
56170,Bendorf,50.44237,7.59047
56179,Vallendar,50.40282,7.63874
56182,Urbar,50.38065,7.62585
56191,Weitersburg,50.41706,7.61967
56203,Höhr-Grenzhausen,50.44196,7.67571
56204,Hillscheid,50.40876,7.70600
56206,Kammerforst,50.45592,7.68903
56218,Mülheim-Kärlich,50.39081,7.50450
56220,Bassenheim,50.37288,7.46050
56235,Ransbach-Baumbach,50.47003,7.72290
56237,Wirscheid,50.49686,7.71056
56242,Selters,50.53048,7.75282
56244,Ewighausen,50.55300,7.80532
56249,Herschbach,50.58249,7.75405
56253,Treis-Karden,50.17470,7.30195
56254,Müden,50.20283,7.36343
56269,Marienhausen,50.54119,7.67005
56271,Isenburg,50.60459,7.68197
56276,Großmaischeid,50.50511,7.63389
56281,Dörth,50.15582,7.55578
56283,Halsenbach,50.15862,7.48796
56288,Lahr,50.07132,7.44511
56290,Macken,50.10642,7.46250
56291,Kisselbach,50.11304,7.57863
56294,Münstermaifeld,50.24827,7.36244
56295,Lonnig,50.31048,7.40635
56299,Ochtendung,50.34914,7.39113
56305,Puderbach,50.59881,7.61149
56307,Harschbach,50.54499,7.59857
56316,Niederhofen,50.57485,7.62511
56317,Linkenbach,50.55898,7.59053
56321,Rhens,50.27965,7.61553
56322,Spay,50.25437,7.64728
56323,Waldesch,50.27721,7.53602
56329,Sankt Goar,50.14818,7.70603
56330,Kobern-Gondorf,50.30929,7.45533
56332,Brodenbach,50.24828,7.44801
56333,Winningen,50.31665,7.51625
56335,Neuhäusel,50.38516,7.70935
56337,Simmern,50.37664,7.72122
56338,Braubach,50.27725,7.64367
56340,Dachsenhausen,50.23464,7.67126
56341,Kamp-Bornhofen,50.22700,7.63003
56346,Lykershausen,50.19225,7.68574
56348,Patersberg,50.12677,7.76569
56349,Kaub,50.08800,7.76206
56355,Lautert,50.20139,7.85813
56357,Marienfels,50.19177,7.77045
56368,Roth,50.26865,7.97579
56370,Eisighofen,50.29585,7.91754
56377,Seelbach,50.30837,7.80944
56379,Zimmerschied,50.28074,7.83452
56410,Montabaur,50.43333,7.80489
56412,Untershausen,50.41991,7.93492
56414,Bilkheim,50.48113,7.94372
56422,Wirges,50.47505,7.80335
56424,Bannberscheid,50.47165,7.83528
56427,Siershahn,50.48466,7.77637
56428,Dernbach (Westerwald),50.45650,7.78726
56457,Halbs,50.56842,7.96195
56459,Willmenrod,50.55079,7.93090
56462,Höhn,50.61956,7.97654
56470,Bad Marienberg,50.65294,7.94619
56472,Hahn bei Marienberg,50.66661,8.01375
56477,Rennerod,50.62348,8.07077
56479,Hüblingen,50.57669,8.04837
56564,Neuwied,50.43415,7.47685
56566,Neuwied,50.45678,7.52878
56567,Neuwied,50.47282,7.44134
56575,Weißenthurm,50.41731,7.45600
56579,Hardert,50.51594,7.49875
56581,Melsbach,50.51412,7.46685
56584,Rüscheid,50.49809,7.55319
56587,Oberraden,50.55134,7.51483
56588,Waldbreitbach,50.54968,7.41915
56589,Niederbreitbach,50.53012,7.41903
56593,Pleckhausen,50.58842,7.53101
56594,Willroth,50.56844,7.52650
56598,Rheinbrohl,50.49821,7.36949
56599,Leutesdorf,50.47141,7.38205
56626,Andernach,50.43685,7.35334
56630,Kretz,50.39438,7.36210
56637,Plaidt,50.38802,7.38618
56642,Kruft,50.38512,7.33670
56645,Nickenich,50.41198,7.32680
56648,Saffig,50.37535,7.42198
56651,Niederzissen,50.46006,7.22208
56653,Wassenach,50.42953,7.24435
56656,Brohl-Lützing,50.48672,7.32599
56659,Burgbrohl,50.45825,7.26102
56727,Reudelsterz,50.32388,7.16785
56729,Hirten,50.36912,7.15165
56736,Kottenheim,50.34898,7.25552
56743,Mendig,50.36386,7.27560
56745,Rieden,50.39439,7.17277
56746,Kempenich,50.43079,7.11720
56751,Gering,50.30021,7.29804
56753,Mertloch,50.25312,7.30524
56754,Brohl,50.21396,7.26913
56759,Leienkaul,50.25166,7.07828
56761,Masburg,50.23911,7.19794
56766,Horperath,50.18685,7.00246
56767,Ueß,50.25494,7.01082
56769,Mannebach,50.27670,7.00707
56812,Dohr,50.13726,7.17183
56814,Illerich,50.19369,7.15361
56818,Klotten,50.16468,7.20052
56820,Mesenich,50.08592,7.21099
56821,Ellenz-Poltersdorf,50.11497,7.23294
56823,Büchel,50.17875,7.08567
56825,Gillenbeuren,50.14349,7.07033
56826,Lutzerath,50.12669,7.00744
56828,Alflen,50.17701,7.03954
56829,Pommern,50.17871,7.25353
56841,Traben-Trarbach,49.95588,7.10000
56843,Starkenburg,49.92935,7.19575
56850,Hahn,49.97307,7.15563
56856,Zell,50.03243,7.19650
56858,Altstrimmig,50.08943,7.28440
56859,Alf,50.06018,7.12322
56861,Reil,50.02389,7.11387
56862,Pünderich,50.04259,7.11555
56864,Bad Bertrich,50.07097,7.03559
56865,Walhausen,50.03236,7.28014
56867,Briedel,49.98555,7.20375
56869,Mastershausen,50.05882,7.35151
57072,Siegen,50.88037,7.98446
57074,Siegen,50.87493,8.06333
57076,Siegen,50.89821,8.02980
57078,Siegen,50.91679,7.98819
57080,Siegen,50.83100,8.01715
57223,Kreuztal,50.98031,7.97955
57234,Wilnsdorf,50.83488,8.11206
57250,Netphen,50.91333,8.18876
57258,Freudenberg,50.90162,7.90346
57271,Hilchenbach,50.99176,8.11744
57290,Neunkirchen,50.78995,8.00536
57299,Burbach,50.74167,8.09835
57319,Bad Berleburg Wingeshausen,51.06650,8.39664
57334,Bad Laasphe,50.94313,8.35949
57339,Erndtebrück,50.98914,8.25453
57368,Lennestadt,51.13026,8.09026
57392,Schmallenberg,51.17904,8.29454
57399,Kirchhundem,51.04782,8.06632
57413,Finnentrop,51.20890,8.01829
57439,Attendorn,51.10351,7.86665
57462,Olpe,51.04929,7.89167
57482,Wenden,50.96690,7.86835
57489,Drolshagen,51.03577,7.78042
57518,Alsdorf,50.77280,7.87368
57520,Derschen,50.70793,7.98185
57537,Forst,50.77426,7.77423
57539,Selbach,50.78504,7.69080
57548,Kirchen,50.80842,7.88198
57555,Brachbach,50.82548,7.94336
57562,Herdorf,50.77303,7.94710
57567,Daaden,50.73490,7.96956
57572,Niederfischbach,50.85604,7.87881
57577,Seelbach,50.76537,7.67211
57578,Elkenroth,50.72740,7.88309
57580,Gebhardshain,50.74555,7.81277
57581,Katzwinkel,50.81889,7.80080
57583,Mörlen,50.70026,7.87648
57584,Wallmenroth,50.78742,7.84116
57586,Weitefeld,50.72733,7.92743
57587,Birken-Honigsessen,50.81873,7.74218
57589,Niederirsen,50.75832,7.64617
57610,Michelbach,50.68244,7.66258
57612,Helmenzen,50.72730,7.69480
57614,Stürzelbach,50.64911,7.69312
57627,Marzhausen,50.65710,7.80794
57629,Luckenbach,50.69809,7.81941
57632,Orfgen,50.64756,7.52776
57635,Wölmersen,50.71700,7.53308
57636,Mammelzen,50.70209,7.68122
57638,Neitersen,50.66620,7.59201
57639,Oberdreis,50.63034,7.66151
57641,Oberlahr,50.62152,7.51725
57642,Alpenrod,50.63126,7.87007
57644,Winkelbach,50.66528,7.76381
57645,Nister,50.67554,7.83482
57647,Enspel,50.62490,7.89838
57648,Unnau,50.65561,7.90708
58089,Hagen,51.37912,7.43742
58091,Hagen,51.34229,7.48698
58093,Hagen,51.38525,7.50649
58095,Hagen,51.35864,7.46898
58097,Hagen,51.37377,7.47979
58099,Hagen,51.39817,7.46950
58119,Hagen,51.34426,7.56958
58135,Hagen,51.33764,7.42632
58239,Schwerte,51.42893,7.56563
58256,Ennepetal,51.27322,7.36217
58285,Gevelsberg,51.33706,7.35222
58300,Wetter (Ruhr),51.37854,7.36320
58313,Herdecke,51.41669,7.42725
58332,Schwelm,51.28295,7.29101
58339,Breckerfeld,51.26651,7.46777
58452,Witten,51.41778,7.32646
58453,Witten,51.43604,7.37172
58454,Witten,51.45096,7.39517
58455,Witten,51.44069,7.30893
58456,Witten,51.39950,7.28129
58507,Lüdenscheid,51.22748,7.63511
58509,Lüdenscheid,51.21886,7.60490
58511,Lüdenscheid,51.21789,7.64953
58513,Lüdenscheid,51.22649,7.67883
58515,Lüdenscheid,51.19247,7.63582
58540,Meinerzhagen,51.11410,7.70826
58553,Halver,51.18036,7.49828
58566,Kierspe,51.13392,7.56613
58579,Schalksmühle,51.25970,7.57350
58636,Iserlohn,51.38115,7.71682
58638,Iserlohn,51.38331,7.68461
58640,Iserlohn,51.42199,7.67204
58642,Iserlohn,51.36566,7.61003
58644,Iserlohn,51.35805,7.68144
58675,Hemer,51.37349,7.76697
58706,Menden,51.43005,7.78960
58708,Menden,51.44901,7.82211
58710,Menden,51.40575,7.83710
58730,Fröndenberg,51.50148,7.74843
58739,Wickede,51.49908,7.86350
58762,Altena,51.27521,7.65858
58769,Nachrodt-Wiblingwerde,51.31197,7.61945
58791,Werdohl,51.24752,7.75883
58802,Balve,51.32495,7.86175
58809,Neuenrade,51.28356,7.85005
58840,Plettenberg,51.21975,7.85906
58849,Herscheid,51.18550,7.74154
59063,Hamm,51.66791,7.83274
59065,Hamm,51.69052,7.81173
59067,Hamm,51.66302,7.78687
59069,Hamm,51.62078,7.86388
59071,Hamm,51.68137,7.90853
59073,Hamm,51.70830,7.83334
59075,Hamm,51.71299,7.75298
59077,Hamm,51.65053,7.73551
59174,Kamen,51.59165,7.66459
59192,Bergkamen,51.61594,7.61680
59199,Bönen,51.58458,7.77168
59227,Ahlen,51.78914,7.88430
59229,Ahlen,51.74382,7.92638
59269,Beckum,51.76676,8.05696
59302,Oelde,51.80091,8.17750
59320,Ennigerloh,51.85384,8.02704
59329,Wadersloh,51.71006,8.26113
59348,Lüdinghausen,51.76770,7.39902
59368,Werne,51.67059,7.59091
59379,Selm,51.67749,7.48378
59387,Ascheberg,51.79566,7.62526
59394,Nordkirchen,51.72529,7.56493
59399,Olfen,51.71639,7.37173
59423,Unna,51.53141,7.69555
59425,Unna,51.55219,7.70132
59427,Unna,51.53843,7.64815
59439,Holzwickede,51.48774,7.63593
59457,Werl,51.55482,7.89981
59469,Ense,51.50785,7.96834
59494,Soest,51.56273,8.09373
59505,Bad Sassendorf,51.57787,8.18055
59510,Lippetal,51.67980,8.08671
59514,Welver,51.61167,7.99824
59519,Möhnesee,51.47603,8.12317
59555,Lippstadt,51.68005,8.34566
59556,Lippstadt,51.71309,8.33302
59557,Lippstadt,51.65610,8.34857
59558,Lippstadt,51.69237,8.37677
59581,Warstein,51.45340,8.29458
59590,Geseke,51.65301,8.46520
59597,Erwitte,51.61178,8.30075
59602,Rüthen,51.52856,8.42724
59609,Anröchte,51.54762,8.30906
59755,Arnsberg,51.45223,7.97203
59757,Arnsberg,51.42490,7.94455
59759,Arnsberg,51.43633,8.00916
59821,Arnsberg,51.37431,8.06618
59823,Arnsberg,51.41813,8.04533
59846,Sundern,51.30647,7.97857
59872,Meschede,51.32926,8.25754
59889,Eslohe,51.25037,8.17968
59909,Bestwig,51.35167,8.38734
59929,Brilon,51.41132,8.58411
59939,Olsberg,51.30998,8.52537
59955,Winterberg,51.22744,8.50006
59964,Medebach,51.21561,8.66066
59969,Bromskirchen,51.11265,8.61964
60306,Frankfurt am Main,50.11605,8.66972
60308,Frankfurt am Main,50.11251,8.65215
60310,Frankfurt am Main,51.16569,10.45153
60311,Frankfurt am Main,50.11009,8.68225
60313,Frankfurt am Main,50.11539,8.68058
60314,Frankfurt am Main,50.11133,8.71743
60316,Frankfurt am Main,50.11924,8.69835
60318,Frankfurt am Main,50.12528,8.68696
60320,Frankfurt am Main,50.13547,8.67190
60322,Frankfurt am Main,50.12486,8.67523
60323,Frankfurt am Main,50.12583,8.66228
60325,Frankfurt am Main,50.11571,8.65915
60326,Frankfurt am Main,50.10132,8.62643
60327,Frankfurt am Main,50.10052,8.65445
60329,Frankfurt am Main,50.10600,8.66773
60385,Frankfurt am Main,50.12453,8.71323
60386,Frankfurt am Main,50.12406,8.75458
60388,Frankfurt am Main,50.15672,8.76813
60389,Frankfurt am Main,50.14954,8.72603
60431,Frankfurt am Main,50.14754,8.64912
60433,Frankfurt am Main,50.16454,8.66433
60435,Frankfurt am Main,50.16162,8.70324
60437,Frankfurt am Main,50.19953,8.68181
60438,Frankfurt am Main,50.17688,8.63029
60439,Frankfurt am Main,50.15635,8.63526
60486,Frankfurt am Main,50.11307,8.62522
60487,Frankfurt am Main,50.12729,8.64285
60488,Frankfurt am Main,50.14815,8.60623
60489,Frankfurt am Main,50.12512,8.60246
60528,Frankfurt am Main,50.07342,8.63615
60529,Frankfurt am Main,50.08578,8.58960
60549,Frankfurt am Main,50.04138,8.58005
60594,Frankfurt am Main,50.10376,8.68893
60596,Frankfurt am Main,50.09907,8.67386
60598,Frankfurt am Main,50.08063,8.67808
60599,Frankfurt am Main,50.08782,8.72005
61118,Bad Vilbel,50.19365,8.75976
61130,Nidderau,50.24652,8.88308
61137,Schöneck,50.20341,8.83606
61138,Niederdorfelden,50.19307,8.80100
61169,Friedberg,50.32489,8.74087
61184,Karben,50.23420,8.77247
61191,Rosbach vor der Höhe,50.28068,8.70705
61194,Niddatal,50.29749,8.81577
61197,Florstadt,50.32767,8.90893
61200,Wölfersheim,50.41697,8.83006
61203,Reichelsheim,50.35866,8.87399
61206,Wöllstadt,50.28197,8.77148
61209,Echzell,50.38637,8.88385
61231,Bad Nauheim,50.38226,8.73877
61239,Ober-Mörlen,50.36586,8.68020
61250,Usingen,50.35522,8.54355
61267,Neu-Anspach,50.29615,8.49894
61273,Wehrheim,50.30515,8.58811
61276,Weilrod,50.32407,8.40117
61279,Grävenwiesbach,50.38321,8.44557
61348,Bad Homburg vor der Höhe,50.22793,8.61421
61350,Bad Homburg vor der Höhe,50.24979,8.56448
61352,Bad Homburg vor der Höhe,50.21717,8.65406
61381,Friedrichsdorf,50.26067,8.62763
61389,Schmitten,50.25932,8.43472
61440,Oberursel,50.20920,8.55206
61449,Steinbach (Taunus),50.16902,8.56958
61462,Königstein im Taunus,50.19003,8.46013
61476,Kronberg im Taunus,50.18623,8.51192
61479,Glashütten,50.21640,8.40158
63065,Offenbach,50.10507,8.76738
63067,Offenbach,50.10888,8.74983
63069,Offenbach,50.07477,8.75573
63071,Offenbach,50.08569,8.78236
63073,Offenbach,50.08094,8.81072
63075,Offenbach,50.12339,8.79752
63110,Rodgau,50.01791,8.89029
63128,Dietzenbach,50.00563,8.78042
63150,Heusenstamm,50.04962,8.81412
63165,Mühlheim,50.10474,8.83815
63179,Obertshausen,50.07698,8.86257
63225,Langen,49.98867,8.66281
63263,Neu-Isenburg,50.05217,8.69524
63303,Dreieich,50.02951,8.69492
63322,Rödermark,49.97793,8.80480
63329,Egelsbach,49.96750,8.66945
63405,Hanau,51.16569,10.45153
63450,Hanau,50.12682,8.92165
63452,Hanau,50.14542,8.90950
63454,Hanau,50.13195,8.88993
63456,Hanau,50.10431,8.91114
63457,Hanau,50.11496,8.97446
63477,Maintal,50.14721,8.82497
63486,Bruchköbel,50.17970,8.94187
63500,Seligenstadt,50.03411,8.94856
63505,Langenselbold,50.19183,9.05265
63512,Hainburg,50.07098,8.94041
63517,Rodenbach,50.13567,9.04115
63526,Erlensee,50.16098,8.98257
63533,Mainhausen,50.01341,9.01500
63538,Großkrotzenburg,50.08175,8.98414
63543,Neuberg,50.20249,8.98256
63546,Hammersbach,50.23578,8.99757
63549,Ronneburg,50.22880,9.04455
63571,Gelnhausen,50.21992,9.22265
63579,Freigericht,50.14315,9.14381
63584,Gründau,50.24433,9.17698
63589,Linsengericht,50.18037,9.22900
63594,Hasselroth,50.16091,9.09056
63599,Biebergemünd,50.16200,9.29743
63607,Wächtersbach,50.25621,9.28845
63619,Bad Orb,50.20726,9.37977
63628,Bad Soden-Salmünster,50.26796,9.40019
63633,Birstein,50.35321,9.30810
63636,Brachttal,50.30231,9.29707
63637,Jossgrund,50.16043,9.44474
63639,Flörsbachtal,50.11574,9.48342
63654,Büdingen,50.30017,9.12813
63667,Nidda,50.43432,9.01031
63674,Altenstadt,50.28305,8.94823
63679,Schotten,50.50741,9.14205
63683,Ortenberg,50.35605,9.07913
63688,Gedern,50.41775,9.22067
63691,Ranstadt,50.35754,8.98429
63694,Limeshain,50.26429,8.98906
63695,Glauburg,50.32180,9.01845
63697,Hirzenhain,50.39033,9.13505
63699,Kefenrod,50.35126,9.20546
63739,Aschaffenburg,49.97819,9.16654
63741,Aschaffenburg,49.99517,9.11551
63743,Aschaffenburg,49.94970,9.16719
63755,Alzenau in Unterfranken,50.08661,9.07196
63762,Großostheim,49.92109,9.07150
63768,Hösbach,50.03386,9.21483
63773,Goldbach,50.01123,9.17404
63776,Mömbris,50.06025,9.14342
63785,Obernburg am Main,49.83443,9.12289
63791,Karlstein am Main,50.04597,9.02883
63796,Kahl am Main,50.08614,9.01182
63801,Kleinostheim,50.01944,9.07016
63808,Haibach,49.96492,9.20178
63811,Stockstadt am Main,49.98010,9.04412
63814,Mainaschaff,49.98204,9.08566
63820,Elsenfeld,49.82827,9.20041
63825,Blankenbach,50.08885,9.23967
63826,Geiselbach,50.12332,9.19751
63828,Kleinkahl,50.10591,9.28548
63829,Krombach,50.08142,9.20632
63831,Wiesen,50.11150,9.36335
63834,Sulzbach am Main,49.91165,9.15575
63839,Kleinwallstadt,49.86605,9.17964
63840,Hausen,49.86986,9.20953
63843,Niedernberg,49.90139,9.12482
63846,Laufach,50.01195,9.29439
63849,Leidersbach,49.89210,9.24136
63853,Mömlingen,49.85457,9.08648
63856,Bessenbach,49.97659,9.25517
63857,Waldaschaff,49.97377,9.29998
63860,Rothenbuch,49.96608,9.39867
63863,Eschau,49.82192,9.25511
63864,Glattbach,50.00619,9.14721
63867,Johannesberg,50.02599,9.13448
63868,Großwallstadt,49.87468,9.13601
63869,Heigenbrücken,50.02787,9.37527
63871,Heinrichsthal,50.07368,9.33168
63872,Heimbuchenthal,49.88248,9.29346
63874,Dammbach,49.86468,9.32539
63875,Mespelbrunn,49.91918,9.29026
63877,Sailauf,50.02517,9.25870
63879,Weibersbrunn,49.93091,9.36491
63897,Miltenberg,49.67526,9.30881
63906,Erlenbach am Main,49.81576,9.16316
63911,Klingenberg am Main,49.76796,9.18062
63916,Amorbach,49.63791,9.19741
63920,Großheubach,49.72725,9.22199
63924,Kleinheubach,49.72014,9.21594
63925,Laudenbach,49.74435,9.17469
63927,Bürgstadt,49.72195,9.30446
63928,Eichenbühl,49.66659,9.35223
63930,Neunkirchen,49.70459,9.39144
63931,Kirchzell,49.61796,9.17715
63933,Mönchberg,49.79640,9.27613
63934,Röllbach,49.77369,9.24720
63936,Schneeberg,49.64039,9.24725
63937,Weilbach,49.66863,9.21035
63939,Wörth am Main,49.79553,9.15476
64283,Darmstadt,49.86953,8.65069
64285,Darmstadt,49.85373,8.65681
64287,Darmstadt,49.86825,8.68481
64289,Darmstadt,49.91315,8.70533
64291,Darmstadt,49.93071,8.67783
64293,Darmstadt,49.87763,8.62854
64295,Darmstadt,49.84834,8.60639
64297,Darmstadt,49.82435,8.65152
64319,Pfungstadt,49.79340,8.58299
64331,Weiterstadt,49.91630,8.59440
64342,Seeheim-Jugenheim,49.76200,8.65850
64347,Griesheim,49.85768,8.55020
64354,Reinheim,49.83638,8.83284
64367,Mühltal,49.80586,8.69175
64372,Ober-Ramstadt,49.82212,8.74938
64380,Roßdorf,49.86242,8.76197
64385,Reichelsheim,49.71172,8.84614
64390,Erzhausen,49.95218,8.63885
64395,Brensbach,49.77007,8.89090
64397,Modautal,49.75978,8.75619
64401,Groß-Bieberau,49.80046,8.82376
64404,Bickenbach,49.75443,8.61130
64405,Fischbachtal,49.76958,8.81341
64407,Fränkisch-Crumbach,49.74578,8.85919
64409,Messel,49.92943,8.76316
64521,Groß-Gerau,49.90560,8.45981
64546,Mörfelden-Walldorf,49.98072,8.56149
64560,Riedstadt,49.84318,8.46717
64569,Nauheim,49.94236,8.45122
64572,Büttelborn,49.91555,8.53502
64579,Gernsheim,49.75691,8.51952
64584,Biebesheim am Rhein,49.78270,8.44892
64589,Stockstadt am Rhein,49.80929,8.43733
64625,Bensheim,49.68704,8.62886
64646,Heppenheim (Bergstraße),49.64302,8.66754
64653,Lorsch,49.65065,8.56549
64658,Fürth,49.64952,8.78383
64665,Alsbach-Hähnlein,49.73660,8.58523
64668,Rimbach,49.62395,8.76019
64673,Zwingenberg,49.72598,8.61220
64678,Lindenfels,49.68312,8.77966
64683,Einhausen,49.67231,8.54478
64686,Lautertal,49.71230,8.69229
64689,Grasellenbach,49.62942,8.84641
64711,Erbach,49.63758,9.00644
64720,Michelstadt,49.69577,9.05149
64732,Bad König,49.73998,9.01302
64739,Höchst im Odenwald,49.78873,8.98252
64743,Beerfelden,49.56762,8.97380
64747,Breuberg,49.82041,9.03894
64750,Lützelbach,49.78855,9.07528
64753,Brombachtal,49.72941,8.95036
64754,Hesseneck,49.57140,9.06392
64756,Mossautal,49.64555,8.90394
64757,Rothenberg,49.49927,8.91850
64759,,49.53336,9.02542
64807,Dieburg,49.90435,8.82128
64823,Groß-Umstadt,49.86872,8.94869
64832,Babenhausen,49.95136,8.94863
64839,Münster,49.92548,8.85938
64846,Groß-Zimmern,49.87208,8.83008
64850,Schaafheim,49.92717,8.99389
64853,Otzberg,49.83044,8.91007
64859,Eppertshausen,49.95280,8.86302
65183,Wiesbaden,50.08303,8.23873
65185,Wiesbaden,50.07610,8.24000
65187,Wiesbaden,50.05885,8.23326
65189,Wiesbaden,50.07267,8.25702
65191,Wiesbaden,50.08971,8.27191
65193,Wiesbaden,50.09824,8.24751
65195,Wiesbaden,50.10535,8.19768
65197,Wiesbaden,50.08438,8.20810
65199,Wiesbaden,50.08598,8.17889
65201,Wiesbaden,50.04915,8.18780
65203,Wiesbaden,50.04090,8.23127
65205,Wiesbaden,50.05563,8.31438
65207,Wiesbaden,50.13524,8.30142
65219,Taunusstein,51.16569,10.45153
65220,Taunusstein,51.16569,10.45153
65221,Taunusstein,51.16569,10.45153
65222,Taunusstein,51.16569,10.45153
65223,Taunusstein,51.16569,10.45153
65224,Taunusstein,51.16569,10.45153
65232,Taunusstein,50.15418,8.16597
65239,Hochheim am Main,50.02155,8.35679
65307,Bad Schwalbach,50.14110,8.05715
65321,Heidenrod,50.21279,7.99639
65326,Aarbergen,50.24821,8.08146
65329,Hohenstein,50.20023,8.10047
65343,Eltville am Rhein,50.04676,8.11179
65344,Eltville am Rhein,50.06151,8.12261
65345,Eltville am Rhein,50.06793,8.10483
65346,Eltville am Rhein,50.04342,8.04871
65347,Eltville am Rhein,50.01444,8.05671
65366,Geisenheim,50.02472,7.94546
65375,Oestrich-Winkel,50.04146,8.00242
65385,Rüdesheim am Rhein,50.02822,7.89432
65388,Schlangenbad,50.10242,8.07400
65391,Lorch,50.07400,7.82899
65396,Walluf,50.04405,8.15028
65399,Kiedrich,50.04007,8.08263
65428,Rüsselsheim,49.99019,8.43280
65439,Flörsheim,50.02700,8.42415
65451,Kelsterbach,50.05074,8.52354
65462,Ginsheim-Gustavsburg,49.99305,8.32205
65468,Trebur,49.91122,8.38286
65474,Bischofsheim,49.98789,8.35588
65479,Raunheim,50.01312,8.47260
65510,Idstein,50.24099,8.25730
65520,Bad Camberg,50.31121,8.29130
65527,Niedernhausen,50.16530,8.30086
65529,Waldems,50.26496,8.35695
65549,Limburg an der Lahn,50.38413,8.06795
65550,Limburg an der Lahn,50.36752,8.09077
65551,Limburg an der Lahn,50.37323,8.12117
65552,Limburg an der Lahn,50.38974,8.09931
65553,Limburg an der Lahn,50.41148,8.08577
65554,Limburg an der Lahn,50.43671,8.08740
65555,Limburg an der Lahn,50.41561,8.06381
65556,Limburg an der Lahn,50.39672,8.03782
65558,Holzheim,50.35490,8.04866
65582,Hambach,50.37754,8.01323
65589,Hadamar,50.45356,8.04167
65594,Runkel,50.42409,8.16557
65597,Hünfelden,50.32042,8.16176
65599,Dornburg,50.50542,8.02512
65604,Elz,50.41211,8.03603
65606,Villmar,50.39820,8.23752
65611,Brechen,50.36113,8.17366
65614,Beselich,50.45757,8.12464
65618,Selters (Taunus),50.35377,8.27742
65620,Waldbrunn (Westerwald),50.50772,8.09206
65623,Schiesheim,50.28695,8.04655
65624,Altendiez,50.37059,7.98354
65626,Birlenbach,50.35528,7.99697
65627,Elbtal,50.50496,8.06502
65629,Niederneisen,50.33537,8.05500
65719,Hofheim am Taunus,50.09515,8.41172
65760,Eschborn,50.15008,8.58033
65779,Kelkheim (Taunus),50.15596,8.43002
65795,Hattersheim,50.05358,8.48485
65812,Bad Soden am Taunus,50.15677,8.48974
65817,Eppstein,50.14497,8.36733
65824,Schwalbach am Taunus,50.15114,8.53101
65830,Kriftel,50.08422,8.46967
65835,Liederbach am Taunus,50.11528,8.49037
65843,Sulzbach,50.13364,8.52238
65929,Frankfurt am Main,50.10135,8.53897
65931,Frankfurt am Main,50.09408,8.49713
65933,Frankfurt am Main,50.09752,8.59067
65934,Frankfurt am Main,50.10125,8.57528
65936,Frankfurt am Main,50.11969,8.57101
66111,Saarbrücken,49.23732,6.99905
66113,Saarbrücken,49.25117,6.98060
66115,Saarbrücken,49.28666,6.98314
66117,Saarbrücken,49.22182,6.96086
66119,Saarbrücken,49.20882,7.00758
66121,Saarbrücken,49.22968,7.04090
66123,Saarbrücken,49.24892,7.01756
66125,Saarbrücken,49.27902,7.02506
66126,Saarbrücken,49.26491,6.92152
66127,Saarbrücken,49.22466,6.87112
66128,Saarbrücken,49.22711,6.91536
66129,Saarbrücken,49.18383,7.04195
66130,Saarbrücken,49.19504,7.06662
66131,Saarbrücken,49.19933,7.10819
66132,Saarbrücken,49.22067,7.06545
66133,Saarbrücken,49.24591,7.06686
66265,Heusweiler,49.34990,6.94868
66271,Kleinblittersdorf,49.15422,7.06888
66280,Sulzbach/Saar,49.30223,7.06218
66287,Quierschied,49.32295,7.05483
66292,Riegelsberg,49.31063,6.94059
66299,Friedrichsthal,49.32241,7.09724
66333,Völklingen,49.21667,6.79136
66346,Püttlingen,49.29724,6.89195
66352,Großrosseln,49.20272,6.83792
66359,Bous,49.27885,6.81570
66386,Sankt Ingbert,49.27760,7.13124
66399,Mandelbachtal,49.19434,7.16027
66424,Homburg,49.32535,7.34480
66440,Blieskastel,49.23903,7.25949
66450,Bexbach,49.37180,7.25593
66453,Gersheim,49.14968,7.22399
66459,Kirkel,49.29534,7.25513
66482,Zweibrücken,49.24198,7.37344
66484,Walshausen,49.19984,7.46936
66497,Contwig,49.24261,7.44290
66500,Mauschbach,49.18651,7.36522
66501,Kleinbundenbach,49.30514,7.42155
66503,Dellfeld,49.23273,7.47348
66504,Bottenbach,49.18773,7.50397
66506,Maßweiler,49.26701,7.53775
66507,Reifenberg,49.28027,7.49074
66509,Rieschweiler-Mühlbach,49.24860,7.50757
66538,Neunkirchen/Saar,49.34091,7.17873
66539,Neunkirchen/Saar,49.31311,7.21566
66540,Neunkirchen/Saar,49.37491,7.20629
66557,Illingen,49.38561,7.03283
66564,Ottweiler,49.41511,7.21659
66571,Eppelborn,49.40874,6.98833
66578,Schiffweiler,49.36484,7.12190
66583,Spiesen-Elversberg,49.31233,7.14631
66589,Merchweiler,49.37209,7.09094
66606,Sankt Wendel,49.44915,7.16218
66620,Nonnweiler,49.57291,6.97867
66625,Nohfelden,49.57617,7.09324
66629,Freisen,49.53586,7.24761
66636,Tholey,49.48926,7.00834
66640,Namborn,49.52232,7.13875
66646,Marpingen,49.44597,7.04792
66649,Oberthal,49.51958,7.09794
66663,Merzig,49.44135,6.60795
66679,Losheim am See,49.51629,6.72580
66687,Wadern,49.54787,6.88424
66693,Mettlach,49.49526,6.55811
66701,Beckingen,49.43278,6.75593
66706,Perl,49.47331,6.38613
66709,Weiskirchen,49.54146,6.81976
66740,Saarlouis,49.30130,6.73695
66763,Dillingen,49.36306,6.72675
66773,Schwalbach,49.31095,6.83283
66780,Rehlingen-Siersburg,49.36875,6.62833
66787,Wadgassen,49.25681,6.80103
66793,Saarwellingen,49.35581,6.84997
66798,Wallerfangen,49.32710,6.64343
66802,Überherrn,49.24335,6.69811
66806,Ensdorf,49.30847,6.77794
66809,Nalbach,49.38423,6.80056
66822,Lebach,49.41469,6.88937
66839,Schmelz,49.43776,6.84483
66849,Landstuhl,49.39820,7.56026
66851,Oberarnbach,49.38948,7.61506
66862,Kindsbach,49.41416,7.62810
66869,Blaubach,49.54649,7.40273
66871,Ehweiler,49.56984,7.35799
66877,Ramstein-Miesenbach,49.43293,7.57595
66879,Niedermohr,49.45600,7.52818
66882,Hütschenhausen,49.42398,7.47830
66885,Bedesbach,49.54990,7.45863
66887,Horschbach,49.58030,7.51359
66892,Bruchmühlbach-Miesau,49.40088,7.44049
66894,Bechhofen,49.35750,7.47965
66901,Schönenberg-Kübelberg,49.40408,7.39068
66903,Dittweiler,49.44211,7.31975
66904,Brücken,49.43210,7.36022
66907,Glan-Münchweiler,49.47227,7.44230
66909,Matzenbach,49.47700,7.34546
66914,Waldmohr,49.39180,7.34319
66916,Dunzweiler,49.43751,7.26656
66917,Knopp-Labach,49.31719,7.52115
66919,Obernheim-Kirchenarnbach,49.33675,7.60754
66953,Pirmasens,49.20500,7.60421
66954,Pirmasens,49.20910,7.56644
66955,Pirmasens,49.19143,7.60123
66957,Schweix,49.12910,7.54499
66969,Lemberg,49.17035,7.65218
66976,Rodalben,49.23929,7.63535
66978,Merzalben,49.26028,7.67464
66981,Münchweiler an der Rodalb,49.21779,7.70474
66987,Thaleischweiler-Fröschen,49.26457,7.57503
66989,Petersberg,49.24535,7.55723
66994,Dahn,49.15589,7.75415
66996,Schönau,49.09014,7.67303
66999,Hinterweidenthal,49.19421,7.75684
67059,Ludwigshafen am Rhein,49.47882,8.42583
67061,Ludwigshafen am Rhein,49.46921,8.45206
67063,Ludwigshafen am Rhein,49.50207,8.42310
67065,Ludwigshafen am Rhein,49.45376,8.41832
67067,Ludwigshafen am Rhein,49.46035,8.40214
67069,Ludwigshafen am Rhein,49.52491,8.39110
67071,Ludwigshafen am Rhein,49.47660,8.35084
67098,Bad Dürkheim,49.45906,8.09448
67105,Schifferstadt,49.37730,8.37934
67112,Mutterstadt,49.44106,8.34673
67117,Limburgerhof,49.41188,8.39611
67122,Altrip,49.43144,8.49498
67125,Dannstadt-Schauernheim,49.41738,8.32037
67126,Hochdorf-Assenheim,49.41009,8.27957
67127,Rödersheim-Gronau,49.43194,8.26025
67133,Maxdorf,49.49119,8.29059
67134,Birkenheide,49.48571,8.25994
67136,Fußgönheim,49.46293,8.29193
67141,Neuhofen,49.41913,8.43700
67146,Deidesheim,49.40785,8.18742
67147,Forst an der Weinstraße,49.42459,8.18411
67149,Meckenheim,49.39277,8.23589
67150,Niederkirchen bei Deidesheim,49.41688,8.22044
67152,Ruppertsberg,49.39945,8.19766
67157,Wachenheim an der Weinstraße,49.44050,8.18182
67158,Ellerstadt,49.46337,8.26065
67159,Friedelsheim,49.44740,8.22293
67161,Gönnheim,49.45061,8.24963
67165,Waldsee,49.39818,8.44362
67166,Otterstadt,49.37723,8.45024
67167,Erpolzheim,49.48842,8.22205
67169,Kallstadt,49.49201,8.17156
67227,Frankenthal (Pfalz),49.54319,8.35123
67229,Großkarlbach,49.54376,8.23683
67240,Bobenheim-Roxheim,49.57742,8.35991
67245,Lambsheim,49.50728,8.28886
67246,Dirmstein,49.56466,8.24991
67251,Freinsheim,49.51213,8.21287
67256,Weisenheim am Sand,49.51489,8.24593
67258,Heßheim,49.54228,8.29275
67259,Beindersheim,49.56121,8.31984
67269,Grünstadt,49.56226,8.15651
67271,Mertesheim,49.54306,8.13804
67273,Herxheim am Berg,49.51237,8.15079
67278,Bockenheim,49.60651,8.18309
67280,Quirnheim,49.56582,8.10594
67281,Bissersheim,49.53795,8.18049
67283,Obrigheim,49.59245,8.20544
67292,Kirchheimbolanden,49.66696,7.98012
67294,Morschheim,49.68270,8.04919
67295,Bolanden,49.63932,8.01159
67297,Marnheim,49.62142,8.04454
67304,Kerzenheim,49.56478,8.04765
67305,Ramsen,49.53711,8.01310
67307,Göllheim,49.59124,8.03590
67308,Zell-Zellertal,49.64194,8.13416
67310,Hettenleidelheim,49.53720,8.07695
67311,Tiefenthal,49.54802,8.10403
67316,Carlsberg,49.50079,8.03495
67317,Altleiningen,49.49639,8.07308
67319,Wattenheim,49.51225,8.02941
67346,Speyer,49.32722,8.43522
67354,Römerberg,49.27364,8.39988
67360,Lingenfeld,49.24188,8.34550
67361,Freisbach,49.27502,8.27515
67363,Lustadt,49.24461,8.27352
67365,Schwegenheim,49.26937,8.32945
67366,Weingarten,49.26549,8.30119
67368,Westheim,49.24370,8.32039
67373,Dudenhofen,49.31622,8.38935
67374,Hanhofen,49.32092,8.34648
67376,Harthausen,49.29425,8.34616
67377,Gommersheim,49.28954,8.26796
67378,Zeiskam,49.23332,8.25049
67433,Neustadt an der Weinstraße,49.35896,8.13618
67434,Neustadt an der Weinstraße,49.33703,8.08502
67435,Neustadt an der Weinstraße,49.32814,8.21057
67454,Haßloch,49.34456,8.26672
67459,Böhl-Iggelheim,49.36094,8.32298
67466,Lambrecht,49.37340,8.07627
67468,Frankenstein,49.43227,7.96496
67471,Elmstein,49.35158,7.93598
67472,Esthal,49.35862,7.99525
67473,Lindenberg,49.37981,8.09413
67475,Weidenthal,49.42175,7.99067
67480,Edenkoben,49.29331,8.05331
67482,Freimersheim,49.28569,8.21153
67483,Edesheim,49.26177,8.13443
67487,Maikammer,49.30041,8.10155
67489,Kirrweiler (Pfalz),49.30537,8.17190
67547,Worms,49.62903,8.37031
67549,Worms,49.63271,8.31950
67550,Worms,49.66928,8.31086
67551,Worms,49.60809,8.33200
67574,Osthofen,49.70497,8.31494
67575,Eich,49.74977,8.40640
67577,Alsheim,49.76566,8.34025
67578,Gimbsheim,49.77965,8.37504
67580,Hamm,49.73268,8.43117
67582,Mettenheim,49.74296,8.32295
67583,Guntersblum,49.79564,8.34185
67585,Dorn-Dürkheim,49.76804,8.26699
67586,Hillesheim,49.78189,8.24659
67587,Wintersheim,49.77823,8.29759
67590,Monsheim,49.63568,8.21380
67591,Offstein,49.61897,8.22474
67592,Flörsheim-Dalsheim,49.65615,8.20485
67593,Bermersheim,49.70038,8.23565
67595,Bechtheim,49.72694,8.29543
67596,Dittelsheim-Heßloch,49.74101,8.24571
67598,Gundersheim,49.69302,8.19458
67599,Gundheim,49.67659,8.24488
67653,ARGE Landkreis Kaiserslautern,51.16569,10.45153
67655,Kaiserslautern,49.44283,7.77293
67657,Kaiserslautern,49.44258,7.81436
67659,Kaiserslautern,49.46774,7.74469
67661,Kaiserslautern,49.40834,7.71562
67663,Kaiserslautern,49.41791,7.80113
67677,Enkenbach-Alsenborn,49.49311,7.89885
67678,Mehlingen,49.48190,7.83809
67680,Neuhemsbach,49.52784,7.91503
67681,Sembach,49.51141,7.86495
67685,Schwedelbach,49.48062,7.63106
67686,Mackenbach,49.47585,7.58433
67688,Rodenbach,49.47321,7.65614
67691,Hochspeyer,49.44370,7.89566
67693,Fischbach,49.45475,7.91151
67697,Otterberg,49.49995,7.79832
67699,Heiligenmoschel,49.54901,7.75430
67700,Niederkirchen,49.57812,7.69643
67701,Schallodenbach,49.55154,7.71660
67705,Trippstadt,49.35895,7.77433
67706,Krickenbach,49.36290,7.66889
67707,Schopp,49.35218,7.68935
67714,Waldfischbach-Burgalben,49.28885,7.67025
67715,Geiselberg,49.32810,7.69365
67716,Heltersberg,49.31253,7.71441
67718,Schmalenberg,49.33562,7.73383
67722,Winnweiler,49.57323,7.85076
67724,Gundersweiler,49.55589,7.79611
67725,Breunigweiler,49.57725,7.94181
67727,Lohnsfeld,49.55053,7.85322
67728,Münchweiler an der Alsenz,49.54048,7.88009
67729,Sippersfeld,49.54708,7.93329
67731,Otterbach,49.48545,7.73402
67732,Hirschhorn,49.52145,7.67776
67734,Katzweiler,49.50292,7.67773
67735,Mehlbach,49.52052,7.72088
67737,Olsbrücken,49.53559,7.64833
67742,Hausweiler,49.65219,7.59042
67744,Kappeln,49.66710,7.61116
67745,Grumbach,49.65698,7.55650
67746,Unterjeckenbach,49.66803,7.50509
67748,Odenbach,49.68355,7.65017
67749,Offenbach-Hundheim,49.62357,7.55724
67752,Wolfstein,49.58924,7.61178
67753,Einöllen,49.61068,7.67519
67754,Eßweiler,49.56069,7.57851
67756,Hinzweiler,49.58247,7.55884
67757,Kreimbach-Kaulbach,49.55093,7.63053
67759,Reichsthal,49.63460,7.70095
67806,Dörnbach,49.62698,7.81437
67808,Weitersweiler,49.65376,7.87329
67811,Dielkirchen,49.66727,7.82559
67813,Sankt Alban,49.68485,7.86912
67814,Jakobsweiler,49.62930,7.93078
67816,Dreisen,49.59387,7.99801
67817,Imsbach,49.58231,7.87945
67819,Kriegsfeld,49.69607,7.93030
67821,Alsenz,49.72948,7.81715
67822,Münsterappel,49.74161,7.86568
67823,Lettweiler,49.72731,7.77112
67824,Feilbingert,49.77877,7.80319
67826,Hallgarten,49.76001,7.78374
67827,Becherbach,49.65644,7.68128
67829,Schmittweiler,49.69154,7.70594
68159,Mannheim,49.49200,8.45568
68161,Mannheim,49.48617,8.47026
68163,Mannheim,49.46776,8.50664
68165,Mannheim,49.47644,8.49307
68167,Mannheim,49.49854,8.48869
68169,Mannheim,49.52028,8.45447
68199,Mannheim,49.45640,8.48702
68219,Mannheim,49.43263,8.53159
68229,Mannheim,49.42980,8.56958
68239,Mannheim,49.46371,8.56008
68259,Mannheim,49.50181,8.56561
68305,Mannheim,49.53754,8.49859
68307,Mannheim,49.55586,8.45870
68309,Mannheim,49.51466,8.53059
68519,Viernheim,49.55744,8.57609
68526,Ladenburg,49.48252,8.61812
68535,Edingen-Neckarhausen,49.44794,8.60104
68542,Heddesheim,49.51902,8.60984
68549,Ilvesheim,49.47856,8.56825
68623,Lampertheim,49.59415,8.49624
68642,Bürstadt,49.63620,8.48295
68647,Biblis,49.68388,8.39319
68649,Groß-Rohrheim,49.71397,8.47388
68723,Oftersheim,49.38242,8.58747
68753,Waghäusel,49.22446,8.51363
68766,Hockenheim,49.32618,8.51868
68775,Ketsch,49.37164,8.52601
68782,Brühl,49.40353,8.50983
68789,Sankt Leon-Rot,49.25686,8.62653
68794,Oberhausen-Rheinhausen,49.27170,8.49576
68799,Reilingen,49.29605,8.58047
68804,Altlußheim,49.29914,8.50395
68809,Neulußheim,49.29187,8.52166
69115,Heidelberg,49.40351,8.68139
69117,Heidelberg,49.39290,8.72026
69118,Heidelberg,49.41549,8.75975
69120,Heidelberg,49.41351,8.68448
69121,Heidelberg,49.43030,8.69941
69123,Heidelberg,49.41601,8.61718
69124,Heidelberg,49.37410,8.63022
69126,Heidelberg,49.36934,8.69351
69151,Neckargemünd,49.38967,8.82964
69168,Wiesloch,49.29298,8.68931
69181,Leimen,49.34744,8.71264
69190,Walldorf,49.29679,8.63879
69198,Schriesheim,49.47487,8.71973
69207,Sandhausen,49.34222,8.64630
69214,Eppelheim,49.39506,8.62370
69221,Dossenheim,49.45039,8.66800
69226,Nußloch,49.31747,8.70335
69231,Rauenberg,49.26756,8.68791
69234,Dielheim,49.28176,8.76990
69239,Neckarsteinach,49.40544,8.84185
69242,Mühlhausen,49.24378,8.73221
69245,Bammental,49.35261,8.77906
69250,Schönau,49.43676,8.80914
69251,Gaiberg,49.36324,8.74023
69253,Heiligkreuzsteinach,49.49555,8.78476
69254,Malsch,49.24523,8.68011
69256,Mauer,49.34026,8.79900
69257,Wiesenbach,49.35969,8.82022
69259,Wilhelmsfeld,49.46648,8.76265
69412,Eberbach,49.47331,9.00613
69427,Mudau,49.53273,9.20582
69429,Waldbrunn,49.46567,9.08078
69434,Heddesbach,49.46320,8.87234
69436,Schönbrunn,49.41184,8.92696
69437,Neckargerach,49.40083,9.08080
69439,Zwingenberg,49.41506,9.04470
69469,Weinheim,49.54075,8.66205
69483,Wald-Michelbach,49.57829,8.84337
69488,Birkenau,49.56296,8.70845
69493,Hirschberg an der Bergstraße,49.50850,8.65570
69502,Hemsbach,49.59204,8.64816
69509,Mörlenbach,49.59158,8.73647
69514,Laudenbach,49.60927,8.64486
69517,Gorxheimertal,49.52948,8.74322
69518,Abtsteinach,49.53659,8.78456
70173,Stuttgart,48.78270,9.18286
70174,Stuttgart,48.78221,9.17083
70176,Stuttgart Stuttgart-West,48.77680,9.16167
70178,Stuttgart,48.77014,9.16932
70180,Stuttgart Stuttgart-Süd,48.76431,9.17526
70182,Stuttgart Stuttgart-Mitte,48.77726,9.18751
70184,Stuttgart,48.76231,9.20029
70186,Stuttgart Stuttgart-Ost,48.77449,9.20403
70188,Stuttgart,48.78343,9.20502
70190,Stuttgart Stuttgart-Ost,48.78940,9.19628
70191,Stuttgart,48.79888,9.18653
70192,Stuttgart Stuttgart-Nord,48.79703,9.16471
70193,Stuttgart,48.77866,9.14854
70195,Stuttgart Botnang,48.77910,9.12895
70197,Stuttgart,48.77166,9.14946
70199,Stuttgart Stuttgart-Süd,48.76088,9.15489
70327,Stuttgart,48.77580,9.25291
70329,Stuttgart Uhlbach,48.75713,9.25118
70372,Stuttgart,48.80080,9.22574
70374,Stuttgart Sommerrain,48.80966,9.24152
70376,Stuttgart Bad Cannstatt,48.82035,9.20319
70378,Stuttgart,48.82979,9.23202
70435,Stuttgart,48.83153,9.15860
70437,Stuttgart,48.84113,9.19711
70439,Stuttgart Stammheim,48.84634,9.15737
70469,Stuttgart,48.81176,9.15217
70499,Stuttgart Hausen,48.81303,9.10441
70563,Stuttgart Vaihingen,48.72981,9.09995
70565,Stuttgart Möhringen,48.71574,9.11781
70567,Stuttgart,48.72262,9.15848
70569,Stuttgart,48.74833,9.08992
70597,Stuttgart Degerloch,48.74135,9.17741
70599,Stuttgart,48.70875,9.20525
70619,Stuttgart Lederberg,48.74301,9.21509
70629,Stuttgart,48.68955,9.21298
70734,Fellbach,48.80534,9.28750
70736,Fellbach,48.84051,9.26776
70771,Leinfelden-Echterdingen,48.68860,9.14103
70794,Filderstadt,48.66289,9.20948
70806,Kornwestheim,48.86291,9.17847
70825,Korntal-Münchingen,48.84913,9.09681
70839,Gerlingen,48.79081,9.06516
71032,Böblingen,48.68024,9.05519
71034,Böblingen,48.67626,8.97731
71063,Sindelfingen,48.71315,9.00009
71065,Sindelfingen,48.71082,9.05224
71067,Sindelfingen,48.72528,9.01002
71069,Sindelfingen,48.70781,8.96183
71083,Herrenberg,48.58793,8.87933
71088,Holzgerlingen,48.64277,9.01765
71093,Weil im Schönbuch,48.61372,9.06572
71101,Schönaich,48.65954,9.06131
71106,Magstadt,48.74731,8.97441
71111,Waldenbuch,48.63389,9.12968
71116,Gärtringen,48.64166,8.90263
71120,Grafenau,48.71449,8.91212
71126,Gäufelden,48.55585,8.83753
71131,Jettingen,48.56943,8.77859
71134,Aidlingen,48.68846,8.88557
71139,Ehningen,48.65848,8.94616
71144,Steinenbronn,48.66544,9.11433
71149,Bondorf,48.52631,8.82828
71154,Nufringen,48.62194,8.89640
71155,Altdorf,48.60335,9.00504
71157,Hildrizhausen,48.62546,8.97005
71159,Mötzingen,48.53996,8.78189
71229,Leonberg,48.80116,8.99799
71254,Ditzingen,48.83875,9.03567
71263,Weil der Stadt,48.75157,8.85444
71272,Renningen,48.77096,8.93079
71277,Rutesheim,48.81148,8.93085
71282,Hemmingen,48.86496,9.02482
71287,Weissach,48.84659,8.93558
71292,Friolzheim,48.83560,8.83317
71296,Heimsheim,48.81090,8.87310
71297,Mönsheim,48.86351,8.86318
71299,Wimsheim,48.85180,8.82540
71332,Waiblingen,48.82213,9.30682
71334,Waiblingen,48.82934,9.33295
71336,Waiblingen,48.88245,9.31387
71364,Winnenden,48.86979,9.40661
71384,Weinstadt,48.81053,9.38682
71394,Kernen im Remstal,48.78944,9.33466
71397,Leutenbach,48.88767,9.39256
71404,Korb,48.83676,9.37620
71409,Schwaikheim,48.87937,9.35162
71522,Backnang,48.94890,9.43311
71540,Murrhardt,48.97589,9.59822
71543,Wüstenrot,49.08759,9.47977
71546,Aspach,48.99265,9.39585
71549,Auenwald,48.93333,9.52349
71554,Weissach im Tal,48.91844,9.49422
71560,Sulzbach an der Murr,49.00331,9.50248
71563,Affalterbach,48.92098,9.33958
71566,Althütte,48.93191,9.57671
71570,Oppenweiler,48.98336,9.45872
71573,Allmersbach im Tal,48.90678,9.47041
71576,Burgstetten,48.92830,9.37103
71577,Großerlach,49.05368,9.51377
71579,Spiegelberg,49.03752,9.44713
71634,Ludwigsburg,48.91167,9.17182
71636,Ludwigsburg,48.88470,9.15981
71638,Ludwigsburg,48.88835,9.20934
71640,Ludwigsburg,48.89724,9.22514
71642,Ludwigsburg,48.90732,9.25750
71665,Vaihingen an der Enz,48.94563,8.96707
71672,Marbach am Neckar,48.93701,9.26728
71679,Asperg,48.90650,9.14113
71686,Remseck am Neckar,48.88005,9.28080
71691,Freiberg am Neckar,48.93319,9.18852
71696,Möglingen,48.87681,9.13149
71701,Schwieberdingen,48.88080,9.08132
71706,Markgröningen,48.91248,9.06580
71711,Murr,48.97662,9.28034
71717,Beilstein,49.05284,9.34449
71718,Billensbach,51.16569,10.45153
71720,Oberstenfeld,49.03095,9.36318
71723,Großbottwar,49.00091,9.29667
71726,Benningen am Neckar,48.94326,9.23990
71729,Erdmannhausen,48.94248,9.29617
71732,Tamm,48.91840,9.11922
71735,Eberdingen,48.87977,8.96536
71737,Kirchberg an der Murr,48.94345,9.34174
71739,Oberriexingen,48.93625,9.02196
72070,Tübingen,48.52266,9.00471
72072,Tübingen,48.49368,9.05261
72074,Tübingen,48.57236,9.07791
72076,Tübingen,48.53925,9.06153
72108,Rottenburg am Neckar,48.46407,8.91634
72116,Mössingen,48.39156,9.07055
72119,Ammerbuch,48.56050,8.97229
72124,Pliezhausen,48.56444,9.17736
72127,Kusterdingen,48.48975,9.10218
72131,Ofterdingen,48.42033,9.03174
72135,Dettenhausen,48.59549,9.10449
72138,Kirchentellinsfurt,48.54233,9.13829
72141,Walddorfhäslach,48.59053,9.16670
72144,Dußlingen,48.45880,9.04776
72145,Hirrlingen,48.41069,8.88810
72147,Nehren,48.43096,9.06983
72149,Neustetten,48.48213,8.88286
72160,Horb am Neckar,48.45444,8.64815
72172,Sulz am Neckar,48.36505,8.63337
72175,Dornhan,48.35275,8.52930
72178,Waldachtal,48.49044,8.57100
72181,Starzach,48.43240,8.80525
72184,Eutingen im Gäu,48.47107,8.76047
72186,Empfingen,48.39875,8.71917
72189,Vöhringen,48.33453,8.66385
72202,Nagold,48.52943,8.72171
72213,Altensteig,48.59083,8.57628
72218,Wildberg,48.63691,8.76770
72221,Haiterbach,48.52397,8.64921
72224,Ebhausen,48.60311,8.68119
72226,Simmersfeld,48.62565,8.51150
72227,Egenhausen,48.56658,8.61814
72229,Rohrdorf,48.56720,8.68911
72250,Freudenstadt,48.46198,8.41166
72270,Baiersbronn,48.53724,8.34618
72275,Alpirsbach,48.36360,8.38241
72280,Dornstetten,48.48070,8.49887
72285,Pfalzgrafenweiler,48.53351,8.53368
72290,Loßburg,48.39752,8.46760
72291,Betzweiler-Wälde,51.16569,10.45153
72293,Glatten,48.43860,8.52387
72294,Grömbach,48.56939,8.52562
72296,Schopfloch,48.42693,8.54546
72297,Seewald,48.59706,8.42184
72299,Wörnersberg,48.56394,8.56496
72336,Balingen,48.26783,8.85455
72348,Rosenfeld,48.27912,8.70738
72351,Geislingen,48.28762,8.81179
72355,Schömberg,48.20695,8.75782
72356,Dautmergen,48.24062,8.75190
72358,Dormettingen,48.24143,8.77410
72359,Dotternhausen,48.22707,8.79786
72361,Hausen am Tann,48.20372,8.84074
72362,Nusplingen,48.13327,8.89095
72364,Obernheim,48.16270,8.85297
72365,Ratshausen,48.18872,8.80785
72367,Weilen unter den Rinnen,48.18886,8.77344
72369,Zimmern unter der Burg,48.22290,8.72136
72379,Hechingen,48.35817,8.98394
72393,Burladingen,48.29845,9.10385
72401,Haigerloch,48.37158,8.81149
72406,Bisingen,48.30128,8.94063
72411,Bodelshausen,48.39935,8.97175
72414,Rangendingen,48.39184,8.87460
72415,Grosselfingen,48.33204,8.88612
72417,Jungingen,48.32832,9.04392
72419,Neufra,48.24884,9.18276
72458,Albstadt,48.21369,9.02346
72459,Albstadt,48.22103,8.94040
72461,Albstadt,48.27590,9.00822
72469,Meßstetten,48.16235,8.92184
72474,Winterlingen,48.18595,9.13064
72475,Bitz,48.24413,9.09265
72477,Schwenningen,48.10592,9.00010
72479,Straßberg,48.17032,9.07520
72488,Sigmaringen,48.10195,9.17899
72501,Gammertingen,48.25623,9.25462
72505,Krauchenwies,47.99859,9.22076
72510,Stetten am kalten Markt,48.13125,9.06266
72511,Bingen,48.11352,9.28359
72513,Hettingen,48.19359,9.28467
72514,Inzigkofen,48.06491,9.14182
72516,Scheer,48.07434,9.29681
72517,Sigmaringendorf,48.07015,9.26304
72519,Veringenstadt,48.18204,9.21332
72525,Münsingen,48.42284,9.55208
72531,Hohenstein Bernloch,48.34804,9.36108
72532,Gomadingen,48.39928,9.39117
72534,Hayingen,48.27563,9.47505
72535,Heroldstatt Sontheim,48.44649,9.66861
72537,Mehrstetten,48.37617,9.56822
72539,Pfronstetten,48.27769,9.36060
72555,Metzingen,48.53473,9.29534
72574,Bad Urach,48.48323,9.43166
72581,Dettingen an der Erms,48.53068,9.34514
72582,Grabenstetten,48.52689,9.45269
72584,Hülben,48.52286,9.40972
72585,Riederich,48.56013,9.26216
72587,Römerstein Zainingen,48.49459,9.53795
72589,Westerheim,48.50794,9.61950
72622,Nürtingen,48.61340,9.32133
72631,Aichtal,48.62490,9.24186
72636,Frickenhausen,48.59331,9.35710
72639,Neuffen,48.55371,9.37198
72644,Oberboihingen,48.64803,9.36672
72649,Wolfschlugen,48.65242,9.27653
72654,Neckartenzlingen,48.58452,9.24141
72655,Altdorf,48.59456,9.27349
72657,Altenriet,48.59466,9.20957
72658,Bempflingen,48.57203,9.26821
72660,Beuren,48.57133,9.40348
72661,Grafenberg,48.56693,9.30277
72663,Großbettlingen,48.58660,9.30926
72664,Kohlberg,48.55836,9.33723
72666,Neckartailfingen,48.61304,9.26357
72667,Schlaitdorf,48.60457,9.22444
72669,Unterensingen,48.65828,9.35612
72760,Reutlingen,48.51670,9.20644
72762,Reutlingen,48.47740,9.19362
72764,Reutlingen,48.49334,9.21474
72766,Reutlingen,48.52452,9.23451
72768,Reutlingen,48.53736,9.20043
72770,Reutlingen,48.48579,9.15179
72793,Pfullingen,48.46018,9.21982
72800,Eningen unter Achalm,48.47580,9.27592
72805,Lichtenstein,48.41692,9.25657
72810,Gomaringen,48.45487,9.09728
72813,Sankt Johann,48.45011,9.34397
72818,Trochtelfingen,48.31493,9.27389
72820,Sonnenbühl,48.38170,9.19420
72827,Wannweil,48.51085,9.15356
72829,Engstingen,48.38721,9.29055
73033,Göppingen,48.70984,9.65316
73035,Göppingen,48.69341,9.63783
73037,Göppingen,48.72853,9.70165
73054,Eislingen/Fils,48.70232,9.71204
73061,Ebersbach an der Fils,48.71920,9.51102
73066,Uhingen,48.71942,9.56919
73072,Donzdorf,48.69374,9.81270
73079,Süßen,48.67399,9.74754
73084,Salach,48.69366,9.75436
73087,Boll,48.64057,9.61382
73092,Heiningen,48.66055,9.64656
73095,Albershausen,48.69143,9.56504
73098,Rechberghausen,48.73083,9.64417
73099,Adelberg,48.76249,9.59945
73101,Aichelberg,48.63639,9.56354
73102,Birenbach,48.74760,9.66047
73104,Börtlingen,48.75418,9.63261
73105,Dürnau,48.64316,9.63354
73107,Eschenbach,48.65599,9.67010
73108,Gammelshausen,48.64430,9.65006
73110,Hattenhofen,48.66915,9.56501
73111,Lauterstein,48.72001,9.91929
73113,Ottenbach,48.73410,9.75542
73114,Schlat,48.65753,9.70305
73116,Wäschenbeuren,48.76021,9.68666
73117,Wangen,48.72661,9.60952
73119,Zell unter Aichelberg,48.64842,9.57086
73207,Plochingen,48.72102,9.42783
73230,Kirchheim unter Teck,48.64251,9.45942
73235,Weilheim an der Teck,48.61453,9.55290
73240,Wendlingen am Neckar,48.66838,9.39093
73249,Wernau,48.69146,9.41793
73252,Lenningen,48.55530,9.46831
73257,Köngen,48.68674,9.35206
73262,Reichenbach an der Fils,48.71791,9.46545
73265,Dettingen unter Teck,48.61843,9.44491
73266,Bissingen an der Teck,48.59903,9.49621
73268,Erkenbrechtsweiler,48.54962,9.42186
73269,Hochdorf,48.69718,9.47136
73271,Holzmaden,48.63482,9.51748
73272,Neidlingen,48.57957,9.56467
73274,Notzingen,48.67070,9.45730
73275,Ohmden,48.65156,9.53326
73277,Owen,48.58791,9.45008
73278,Schlierbach,48.67228,9.52739
73312,Geislingen an der Steige,48.61080,9.83555
73326,Deggingen,48.59808,9.72270
73329,Kuchen,48.63913,9.80014
73333,Gingen an der Fils,48.66094,9.78184
73337,Bad Überkingen,48.62163,9.76819
73340,Amstetten,48.57614,9.87419
73342,Bad Ditzenbach,48.58610,9.69740
73344,Gruibingen,48.59578,9.64119
73345,Hohenstadt,48.54436,9.66359
73347,Mühlhausen im Täle,48.57825,9.66008
73349,Wiesensteig,48.56212,9.62526
73430,Aalen,48.84786,10.08219
73431,Aalen,48.82593,10.10049
73432,Aalen,48.82467,10.17206
73433,Aalen,48.87081,10.11009
73434,Aalen,48.87062,10.02339
73441,Bopfingen,48.85036,10.33899
73447,Oberkochen,48.78544,10.09902
73450,Neresheim,48.78905,10.34270
73453,Abtsgmünd,48.91266,9.98096
73457,Essingen,48.79649,10.03112
73460,Hüttlingen,48.89241,10.10059
73463,Westhausen,48.88376,10.19348
73466,Lauchheim,48.85951,10.23719
73467,Kirchheim am Ries,48.87960,10.40905
73469,Riesbürg,48.82693,10.42903
73479,Ellwangen (Jagst),48.96717,10.17115
73485,Unterschneidheim,48.94885,10.37532
73486,Adelmannsfelden,48.96972,9.96847
73488,Ellenberg,49.00210,10.23654
73489,Jagstzell,49.03002,10.09823
73491,Neuler,48.92797,10.06890
73492,Rainau,48.92771,10.15686
73494,Rosenberg,49.02017,10.03239
73495,Stödtlen,48.99752,10.28764
73497,Tannhausen,48.97639,10.35248
73499,Wört,49.03494,10.26834
73525,Schwäbisch Gmünd,48.79377,9.79889
73527,Täferrot,48.83212,9.81737
73529,Schwäbisch Gmünd,48.78999,9.87237
73540,Heubach,48.78342,9.94820
73547,Lorch,48.80723,9.67042
73550,Waldstetten,48.75278,9.83332
73553,Alfdorf,48.85548,9.70002
73557,Mutlangen,48.83536,9.78736
73560,Böbingen an der Rems,48.82174,9.91611
73563,Mögglingen,48.82328,9.96230
73565,Spraitbach,48.88361,9.76409
73566,Bartholomä,48.74186,9.95954
73568,Durlangen,48.85809,9.79316
73569,Obergröningen,48.88763,9.87244
73571,Göggingen,48.86555,9.87936
73572,Heuchlingen,48.84911,9.95189
73574,Iggingen,48.83264,9.87560
73575,Leinzell,48.84943,9.87661
73577,Ruppertshofen,48.88261,9.81495
73579,Schechingen,48.87213,9.92084
73614,Schorndorf,48.77834,9.53103
73630,Remshalden,48.81185,9.43246
73635,Rudersberg,48.87914,9.53929
73642,Welzheim,48.89043,9.64704
73650,Winterbach,48.79959,9.47919
73655,Plüderhausen,48.79721,9.60864
73660,Urbach,48.82010,9.57757
73663,Berglen,48.86127,9.46852
73666,Baltmannsweiler,48.74514,9.44236
73667,Kaisersbach,48.91566,9.64920
73669,Lichtenwald,48.74644,9.48795
73728,Esslingen am Neckar,48.73841,9.30811
73730,Esslingen am Neckar,48.72718,9.35263
73732,Esslingen am Neckar,48.75882,9.33739
73733,Esslingen am Neckar,48.75631,9.29854
73734,Esslingen am Neckar,48.72310,9.30948
73760,Ostfildern,48.71458,9.25849
73765,Neuhausen auf den Fildern,48.68299,9.27377
73770,Denkendorf,48.68980,9.31453
73773,Aichwald,48.76168,9.38913
73776,Altbach,48.72734,9.38164
73779,Deizisau,48.71192,9.38704
74072,Heilbronn,49.14231,9.21485
74074,Heilbronn,49.12607,9.25826
74076,Heilbronn,49.15448,9.22210
74078,Heilbronn,49.17395,9.16997
74080,Heilbronn,49.13764,9.17761
74081,Heilbronn,49.10784,9.16788
74172,Neckarsulm,49.19425,9.23516
74177,Bad Friedrichshall,49.23710,9.21015
74182,Obersulm,49.13563,9.39161
74189,Weinsberg,49.15828,9.30142
74193,Schwaigern,49.14420,9.03060
74196,Neuenstadt am Kocher,49.24331,9.32309
74199,Untergruppenbach,49.09561,9.31970
74206,Bad Wimpfen,49.22125,9.15288
74211,Leingarten,49.13821,9.10642
74214,Schöntal,49.34811,9.54182
74219,Möckmühl,49.32297,9.34958
74223,Flein,49.10213,9.21170
74226,Nordheim,49.11186,9.11733
74229,Oedheim,49.23914,9.25147
74232,Abstatt,49.07069,9.29292
74235,Erlenbach,49.17305,9.26479
74238,Krautheim,49.38263,9.63438
74239,Hardthausen am Kocher,49.24122,9.40295
74243,Langenbrettach,49.21720,9.39278
74245,Löwenstein,49.10037,9.38634
74246,Eberstadt,49.18008,9.32364
74248,Ellhofen,49.14406,9.31950
74249,Jagsthausen,49.30806,9.46913
74251,Lehrensteinsfeld,49.12962,9.32285
74252,Massenbachhausen,49.17951,9.03547
74254,Offenau,49.24395,9.16371
74255,Roigheim,49.35941,9.34205
74257,Untereisesheim,49.20961,9.20005
74259,Widdern,49.31551,9.41723
74321,Bietigheim-Bissingen,48.95357,9.12418
74336,Brackenheim,49.07860,9.08713
74337,Botenheim,51.16569,10.45153
74343,Sachsenheim,49.00316,9.01120
74348,Lauffen am Neckar,49.07805,9.15817
74354,Besigheim,48.99666,9.15755
74357,Bönnigheim,49.03343,9.07901
74360,Ilsfeld,49.06001,9.25598
74363,Güglingen,49.07016,9.00039
74366,Kirchheim am Neckar,49.04298,9.14364
74369,Löchgau,49.00199,9.10841
74372,Sersheim,48.95887,9.01299
74374,Zaberfeld,49.06710,8.90909
74376,Gemmrigheim,49.02668,9.15926
74379,Ingersheim,48.96102,9.18172
74382,Neckarwestheim,49.04626,9.19079
74385,Pleidelsheim,48.96189,9.21082
74388,Talheim,49.08440,9.19490
74389,Cleebronn,49.04286,9.02393
74391,Erligheim,49.01978,9.09075
74392,Freudental,49.00788,9.04818
74394,Hessigheim,48.99465,9.18275
74395,Mundelsheim,49.00086,9.20647
74397,Pfaffenhofen,49.05325,8.95627
74399,Walheim,49.01577,9.14114
74405,Gaildorf,49.00044,9.78940
74417,Gschwend,48.93395,9.74358
74420,Oberrot,49.01121,9.66247
74423,Obersontheim,49.05543,9.86104
74424,Bühlertann,49.04090,9.90504
74426,Bühlerzell,49.00229,9.91851
74427,Fichtenberg,48.98829,9.70696
74429,Sulzbach-Laufen,48.96512,9.84399
74523,Schwäbisch Hall,49.12576,9.75441
74532,Ilshofen,49.15227,9.92144
74535,Mainhardt,49.07805,9.55751
74538,Rosengarten,49.06298,9.71300
74541,Vellberg,49.10824,9.89932
74542,Braunsbach,49.19883,9.79169
74544,Michelbach an der Bilz,49.06856,9.76730
74545,Michelfeld,49.09686,9.67783
74547,Untermünkheim,49.15277,9.73381
74549,Wolpertshausen,49.15888,9.84480
74564,Crailsheim,49.14113,10.04932
74572,Blaufelden,49.29118,9.97070
74575,Schrozberg,49.35080,9.99192
74579,Fichtenau,49.05374,10.23152
74582,Gerabronn,49.25368,9.93094
74585,Rot am See,49.26235,10.06634
74586,Frankenhardt,49.07519,9.98625
74589,Satteldorf,49.17851,10.08915
74592,Kirchberg an der Jagst,49.20146,9.98189
74594,Kreßberg,49.13083,10.18407
74595,Langenburg,49.25437,9.85900
74597,Stimpfach,49.07274,10.13028
74599,Wallhausen,49.21239,10.06773
74613,Öhringen,49.20672,9.52006
74626,Bretzfeld,49.17328,9.43031
74629,Pfedelbach,49.16698,9.50660
74632,Neuenstein,49.20659,9.58024
74635,Kupferzell,49.21163,9.70539
74638,Waldenburg,49.17622,9.64068
74639,Zweiflingen,49.25595,9.51828
74653,Künzelsau,49.30431,9.69796
74670,Forchtenberg,49.28729,9.56343
74673,Mulfingen,49.34643,9.80498
74676,Niedernhall,49.27542,9.61563
74677,Dörzbach,49.35298,9.72800
74679,Weißbach,49.31736,9.60369
74706,Osterburken,49.44055,9.41515
74722,Buchen (Odenwald),49.52411,9.32506
74731,Walldürn,49.62203,9.33076
74736,Hardheim,49.60045,9.46901
74740,Adelsheim,49.38069,9.39509
74743,Seckach,49.44281,9.33585
74744,Ahorn,49.49199,9.53803
74746,Höpfingen,49.56255,9.42978
74747,Ravenstein,49.41003,9.53654
74749,Rosenberg,49.45630,9.47314
74821,Mosbach,49.38131,9.13327
74831,Gundelsheim,49.29544,9.18361
74832,Bachenau,51.16569,10.45153
74834,Elztal,49.39517,9.21629
74838,Limbach,49.45713,9.21042
74842,Billigheim,49.34222,9.23815
74847,Obrigheim,49.35170,9.09349
74850,Schefflenz,49.40257,9.27838
74855,Haßmersheim,49.30097,9.14536
74858,Aglasterhausen,49.35690,8.98840
74861,Neudenau,49.30718,9.29198
74862,Binau,49.37312,9.07510
74864,Fahrenbach,49.43090,9.14984
74865,Neckarzimmern,49.32391,9.14723
74867,Neunkirchen,49.39585,9.01392
74869,Schwarzach,49.38785,8.98527
74889,Sinsheim,49.24662,8.89484
74906,Bad Rappenau,49.24373,9.06263
74909,Meckesheim,49.32876,8.82349
74912,Kirchardt,49.20529,8.99045
74915,Waibstadt,49.30040,8.91976
74918,Angelbachtal,49.22546,8.77173
74921,Helmstadt-Bargen,49.31500,9.00102
74924,Neckarbischofsheim,49.29381,8.96485
74925,Epfenbach,49.34188,8.91854
74927,Eschelbronn,49.31921,8.86443
74928,Hüffenhardt,49.29051,9.08174
74930,Ittlingen,49.19244,8.93190
74931,Lobbach,49.37479,8.88996
74933,Neidenstein,49.32290,8.89953
74934,Reichartshausen,49.36086,8.93758
74936,Siegelsbach,49.27097,9.08651
74937,Spechbach,49.34650,8.88424
74939,Zuzenhausen,49.29680,8.82264
75015,Bretten,49.04629,8.71604
75031,Eppingen,49.13416,8.89806
75038,Oberderdingen,49.06043,8.79754
75045,Walzbachtal,49.01410,8.60359
75050,Gemmingen,49.15363,8.97536
75053,Gondelsheim,49.05959,8.65950
75056,Sulzfeld,49.11173,8.85871
75057,Kürnbach,49.08190,8.84932
75059,Zaisenhausen,49.10565,8.80525
75172,Pforzheim,48.89013,8.68219
75173,Pforzheim,48.88362,8.68883
75175,Pforzheim,48.88594,8.72081
75177,Pforzheim,48.90990,8.70586
75179,Pforzheim,48.90376,8.65287
75180,Pforzheim,48.85232,8.66258
75181,Pforzheim,48.85656,8.74044
75196,Remchingen,48.93465,8.57935
75203,Königsbach-Stein,48.97061,8.64145
75210,Keltern,48.89946,8.57501
75217,Birkenfeld,48.86692,8.60332
75223,Niefern-Öschelbronn,48.91315,8.79642
75228,Ispringen,48.92266,8.67145
75233,Tiefenbronn,48.82017,8.81851
75236,Kämpfelbach,48.93487,8.63304
75239,Eisingen,48.94640,8.66935
75242,Neuhausen,48.80420,8.76247
75245,Neulingen,48.97037,8.71177
75248,Ölbronn-Dürrn,48.95609,8.75323
75249,Kieselbronn,48.93311,8.74943
75305,Neuenbürg,48.84841,8.58800
75323,Bad Wildbad im Schwarzwald,48.70590,8.52266
75328,Schömberg,48.78843,8.63660
75331,Engelsbrand,48.82261,8.65345
75334,Straubenhardt,48.83734,8.52434
75335,Dobel,48.79414,8.49226
75337,Enzklösterle,48.66546,8.47217
75339,Höfen an der Enz,48.80330,8.58392
75365,Calw,48.72157,8.71774
75378,Bad Liebenzell,48.78090,8.73611
75382,Althengstett,48.73118,8.79070
75385,Bad Teinach-Zavelstein,48.70017,8.66668
75387,Neubulach,48.65879,8.67932
75389,Neuweiler,48.65765,8.59694
75391,Gechingen,48.68785,8.82808
75392,Deckenpfronn,48.65050,8.82337
75394,Oberreichenbach,48.74699,8.64931
75395,Ostelsheim,48.72652,8.84737
75397,Simmozheim,48.74999,8.80931
75399,Unterreichenbach,48.81260,8.68539
75417,Mühlacker,48.93360,8.86051
75428,Illingen,48.95564,8.91908
75433,Maulbronn,48.99777,8.80318
75438,Knittlingen,49.02260,8.76004
75443,Ötisheim,48.96302,8.80993
75446,Wiernsheim,48.88658,8.87776
75447,Sternenfels,49.03028,8.85883
75449,Wurmberg,48.87159,8.80903
76131,Karlsruhe,49.01170,8.43038
76133,Karlsruhe,49.00675,8.39384
76135,Karlsruhe,48.99229,8.38317
76137,Karlsruhe,48.99995,8.41731
76139,Karlsruhe,49.02975,8.46132
76149,Karlsruhe,49.04880,8.40958
76185,Karlsruhe,49.00722,8.35258
76187,Karlsruhe,49.03887,8.33648
76189,Karlsruhe,48.99908,8.32471
76199,Karlsruhe,48.97285,8.40603
76227,Karlsruhe,48.98814,8.47434
76228,Karlsruhe,48.95742,8.47784
76229,Karlsruhe,49.00940,8.49542
76275,Ettlingen,48.92769,8.39892
76287,Rheinstetten,48.96925,8.31590
76297,Stutensee,49.08493,8.47153
76307,Karlsbad,48.90502,8.50027
76316,Malsch,48.89161,8.33740
76327,Pfinztal,48.97809,8.54149
76332,Bad Herrenalb,48.79780,8.44263
76337,Waldbronn,48.92763,8.46888
76344,Eggenstein-Leopoldshafen,49.09227,8.37146
76351,Linkenheim-Hochstetten,49.13029,8.40836
76356,Weingarten,49.05947,8.54061
76359,Marxzell,48.84285,8.44979
76437,Rastatt,48.86260,8.17697
76448,Durmersheim,48.93492,8.29943
76456,Kuppenheim,48.82796,8.25441
76461,Muggensturm,48.86962,8.27670
76467,Bietigheim,48.91034,8.25319
76470,Ötigheim,48.89156,8.23424
76473,Iffezheim,48.81927,8.14549
76474,Au am Rhein,48.95167,8.23665
76476,Bischweier,48.84018,8.27790
76477,Elchesheim-Illingen,48.93132,8.21066
76479,Steinmauern,48.89634,8.19393
76530,Baden-Baden,48.75815,8.22233
76532,Baden-Baden,48.79955,8.20916
76534,Baden-Baden,48.71677,8.23546
76547,Sinzheim,48.76239,8.16884
76549,Hügelsheim,48.79736,8.11168
76571,Gaggenau,48.81046,8.33874
76593,Gernsbach,48.72402,8.41425
76596,Forbach,48.68083,8.35984
76597,Loffenau,48.77250,8.38730
76599,Weisenbach,48.72314,8.35713
76646,Bruchsal,49.10642,8.59335
76661,Philippsburg,49.23002,8.43821
76669,Bad Schönborn,49.21317,8.66468
76676,Graben-Neudorf,49.14654,8.46445
76684,Östringen,49.18560,8.75930
76689,Karlsdorf-Neuthard,49.14097,8.53971
76694,Forst,49.15364,8.58454
76698,Ubstadt-Weiher,49.17331,8.65240
76703,Kraichtal,49.12586,8.74072
76706,Dettenheim,49.17016,8.42028
76707,Hambrücken,49.18650,8.54428
76709,Kronau,49.22242,8.60953
76726,Germersheim,49.20919,8.37425
76744,Vollmersweiler,49.01611,8.15813
76751,Jockgrim,49.08321,8.28584
76756,Bellheim,49.19468,8.29312
76761,Rülzheim,49.15478,8.28137
76764,Rheinzabern,49.11310,8.29464
76767,Hagenbach,49.01442,8.25291
76768,Berg (Pfalz),48.98240,8.20524
76770,Hatzenbühl,49.11669,8.24467
76771,Hördt,49.16636,8.32698
76773,Kuhardt,49.14482,8.31357
76774,Leimersheim,49.12461,8.34366
76776,Neuburg am Rhein,48.98458,8.24417
76777,Neupotz,49.11748,8.31858
76779,Scheibenhardt,48.98216,8.13947
76829,Ranschbach,49.19352,8.09486
76831,Birkweiler,49.13709,8.10188
76833,Knöringen,49.23721,8.09060
76835,Burrweiler,49.25011,8.07330
76846,Hauenstein,49.18538,7.84464
76848,Wilgartswiesen,49.20934,7.87957
76855,Annweiler am Trifels,49.20223,7.97003
76857,Waldrohrbach,49.16228,7.95873
76863,Herxheimweyher,49.14475,8.20823
76865,Insheim,49.15830,8.14632
76870,Kandel,49.08493,8.19081
76872,Winden,49.06854,8.13520
76877,Offenbach an der Queich,49.19410,8.19017
76879,Ottersheim,49.22817,8.18145
76887,Bad Bergzabern,49.10351,7.99920
76889,Niederhorbach,49.08987,7.96204
76891,Bundenthal,49.09935,7.80816
77652,Offenburg,48.50051,7.94191
77654,Offenburg,48.47739,7.98517
77656,Offenburg,48.47175,7.92141
77694,Kehl,48.58258,7.84661
77704,Oberkirch,48.52781,8.05556
77709,Wolfach,48.32244,8.25803
77716,Haslach im Kinzigtal,48.28288,8.10990
77723,Gengenbach,48.40949,8.02190
77728,Oppenau,48.47198,8.16213
77731,Willstätt,48.55777,7.91441
77736,Zell am Harmersbach,48.34530,8.07814
77740,Bad Peterstal-Griesbach,48.42826,8.20229
77743,Neuried,48.46381,7.81241
77746,Schutterwald,48.45906,7.88681
77749,Hohberg,48.42036,7.90070
77756,Hausach,48.28316,8.17321
77761,Schiltach,48.26538,8.35332
77767,Appenweier,48.53294,7.98219
77770,Durbach,48.48470,8.02459
77773,Schenkenzell,48.31116,8.37197
77776,Bad Rippoldsau-Schapbach,48.43273,8.32139
77781,Biberach,48.33901,8.03171
77784,Oberharmersbach,48.37783,8.13491
77787,Nordrach,48.39778,8.07934
77790,Steinach,48.30310,8.05656
77791,Berghaupten,48.40731,7.98721
77793,Gutach (Schwarzwaldbahn),48.23432,8.21483
77794,Lautenbach,48.52069,8.11500
77796,Mühlenbach,48.25314,8.11079
77797,Ohlsbach,48.43156,7.99373
77799,Ortenberg,48.45160,7.97131
77815,Bühl,48.68246,8.15003
77830,Bühlertal,48.68434,8.19456
77833,Ottersweier,48.67154,8.09040
77836,Rheinmünster,48.75056,8.04396
77839,Lichtenau,48.72553,8.00679
77855,Achern,48.63004,8.03470
77866,Rheinau,48.65666,7.94217
77871,Renchen,48.58513,8.02818
77876,Kappelrodeck,48.57910,8.11398
77880,Sasbach,48.64100,8.09419
77883,Ottenhöfen im Schwarzwald,48.56760,8.15255
77886,Lauf,48.63752,8.14333
77887,Sasbachwalden,48.61425,8.18678
77889,Seebach,48.58374,8.19046
77933,Lahr/Schwarzwald,48.33915,7.87815
77944,Friesenheim,51.16569,10.45153
77948,Friesenheim,48.37853,7.88913
77955,Ettenheim,48.26047,7.85626
77960,Seelbach,48.29478,7.93993
77963,Schwanau,48.36712,7.76231
77966,Kappel-Grafenhausen,48.29221,7.74157
77971,Kippenheim,48.29408,7.82476
77972,Mahlberg,48.28830,7.81014
77974,Meißenheim,48.40822,7.77590
77975,Ringsheim,48.24718,7.77701
77977,Rust,48.26418,7.72796
77978,Schuttertal,48.24732,7.95406
78048,Villingen-Schwenningen,48.08550,8.41800
78050,Villingen-Schwenningen,48.05642,8.44750
78052,Villingen-Schwenningen,48.04107,8.41098
78054,Villingen-Schwenningen,48.05786,8.52139
78056,Villingen-Schwenningen,48.05423,8.56997
78073,Bad Dürrheim,47.97693,8.60236
78078,Niedereschach,48.13345,8.51309
78083,Dauchingen,48.09605,8.54534
78086,Brigachtal,48.01173,8.47033
78087,Mönchweiler,48.10041,8.42180
78089,Unterkirnach,48.07928,8.36659
78098,Triberg,48.13017,8.23240
78112,Sankt Georgen im Schwarzwald,48.12640,8.33714
78120,Furtwangen im Schwarzwald,48.04449,8.22658
78126,Königsfeld im Schwarzwald,48.14064,8.41581
78132,Hornberg,48.20985,8.23186
78136,Schonach im Schwarzwald,48.14243,8.20278
78141,Schönwald im Schwarzwald,48.11112,8.20272
78144,Tennenbronn,48.19015,8.34881
78147,Vöhrenbach,48.04528,8.30454
78148,Gütenbach,48.04455,8.13901
78166,Donaueschingen,47.95402,8.50871
78176,Blumberg,47.83174,8.54598
78183,Hüfingen,47.92335,8.48868
78187,Geisingen,47.90415,8.64214
78194,Immendingen,47.93758,8.72682
78199,Bräunlingen,47.92940,8.44547
78224,Singen,47.76710,8.87224
78234,Engen,47.85416,8.77546
78239,Rielasingen-Worblingen,47.72823,8.84617
78244,Gottmadingen,47.73575,8.76350
78247,Hilzingen,47.76551,8.77797
78250,Tengen,47.82265,8.66670
78253,Eigeltingen,47.85821,8.89742
78256,Steißlingen,47.80404,8.90865
78259,Mühlhausen-Ehingen,47.80999,8.80996
78262,Gailingen am Hochrhein,47.69685,8.75505
78266,Büsingen am Hochrhein,47.69935,8.68751
78267,Aach,47.84322,8.85269
78269,Volkertshausen,47.82191,8.87083
78315,Radolfzell am Bodensee,47.74888,8.97808
78333,Stockach,47.85469,9.02420
78337,Öhningen,47.68577,8.89621
78343,Gaienhofen,47.69757,8.99898
78345,Moos,47.72421,8.93493
78351,Bodman-Ludwigshafen,47.81780,9.05782
78354,Sipplingen,47.78874,9.10270
78355,Hohenfels,47.88776,9.10966
78357,Mühlingen,47.91494,9.01849
78359,Orsingen-Nenzingen,47.84315,8.96035
78462,Konstanz,47.66124,9.17199
78464,Konstanz,47.67550,9.19801
78465,Konstanz,47.72476,9.15672
78467,Konstanz,47.68070,9.14868
78476,Allensbach,47.71470,9.06919
78479,Reichenau,47.69799,9.06093
78532,Tuttlingen,47.97096,8.81178
78549,Spaichingen,48.07598,8.74470
78554,Aldingen,48.09574,8.68220
78559,Gosheim,48.13996,8.75826
78564,Wehingen,48.14598,8.81017
78567,Fridingen an der Donau,48.01989,8.92243
78570,Mühlheim an der Donau,48.03102,8.87422
78573,Wurmlingen,47.99419,8.76920
78576,Emmingen-Liptingen,47.92636,8.87253
78579,Neuhausen ob Eck,47.95961,8.95781
78580,Bärenthal,48.07368,8.92772
78582,Balgheim,48.06675,8.76584
78583,Böttingen,48.10016,8.80310
78585,Bubsheim,48.11478,8.82546
78586,Deilingen,48.17424,8.78512
78588,Denkingen,48.10887,8.73912
78589,Dürbheim,48.05630,8.79197
78591,Durchhausen,48.03938,8.67503
78592,Egesheim,48.11415,8.86593
78594,Gunningen,48.04413,8.70371
78595,Hausen ob Verena,48.04936,8.73335
78597,Irndorf,48.07408,8.96285
78598,Königsheim,48.09903,8.86744
78600,Kolbingen,48.05934,8.89562
78601,Mahlstetten,48.06848,8.84224
78603,Renquishausen,48.08957,8.89262
78604,Rietheim-Weilheim,48.02879,8.77371
78606,Seitingen-Oberflacht,48.01742,8.72660
78607,Talheim,48.01670,8.67039
78609,Tuningen,48.02685,8.60222
78628,Rottweil,48.16345,8.64682
78647,Trossingen,48.08339,8.64726
78652,Deißlingen,48.11195,8.59994
78655,Dunningen,48.22610,8.47868
78658,Zimmern ob Rottweil,48.16743,8.59067
78661,Dietingen,48.20570,8.64608
78662,Bösingen,48.23490,8.56244
78664,Eschbronn,48.19490,8.47701
78665,Frittlingen,48.12320,8.71560
78667,Villingendorf,48.20225,8.59008
78669,Wellendingen,48.14711,8.69937
78713,Schramberg,48.23416,8.43747
78727,Oberndorf am Neckar,48.29020,8.56045
78730,Lauterbach,48.22916,8.34448
78733,Aichhalden,48.26684,8.40228
78736,Epfendorf,48.26508,8.62789
78737,Fluorn-Winzeln,48.29307,8.49340
78739,Hardt,48.17803,8.41762
79098,Freiburg im Breisgau,47.99385,7.84676
79100,Freiburg im Breisgau,47.96859,7.85198
79102,Freiburg im Breisgau,47.98661,7.86156
79104,Freiburg im Breisgau,48.00340,7.88918
79106,Freiburg im Breisgau,48.00446,7.83747
79108,Freiburg im Breisgau,48.04301,7.82059
79110,Freiburg im Breisgau,48.02119,7.81151
79111,Freiburg im Breisgau,48.00549,7.78579
79112,Freiburg im Breisgau,47.99079,7.70853
79114,Freiburg im Breisgau,47.99632,7.81076
79115,Freiburg im Breisgau,47.99036,7.82017
79117,Freiburg im Breisgau,47.95816,7.89492
79183,Waldkirch,48.09179,7.98145
79189,Bad Krozingen,47.91257,7.68727
79194,Gundelfingen,48.04239,7.86696
79199,Kirchzarten,47.95931,7.95030
79206,Breisach am Rhein,48.01677,7.61804
79211,Denzlingen,48.07357,7.88422
79215,Elzach,48.17181,8.07187
79219,Staufen im Breisgau,47.87476,7.73170
79224,Umkirch,48.03120,7.76745
79227,Schallstadt,47.95701,7.76014
79232,March,48.05818,7.77966
79235,Vogtsburg im Kaiserstuhl,48.09516,7.63916
79238,Ehrenkirchen,47.90244,7.76360
79241,Ihringen,48.04293,7.64823
79244,Münstertal,47.85446,7.78431
79249,Merzhausen,47.96534,7.82664
79252,Stegen,47.99226,7.97794
79254,Oberried,47.90518,7.94122
79256,Buchenbach,47.96936,8.02051
79258,Hartheim,47.93690,7.62090
79261,Gutach im Breisgau,48.12274,8.00906
79263,Simonswald,48.07928,8.09362
79268,Bötzingen,48.07523,7.71320
79271,Sankt Peter,48.02801,8.03715
79274,Sankt Märgen,48.00782,8.09300
79276,Reute,48.08566,7.81706
79279,Vörstetten,48.06932,7.83706
79280,Au,47.95475,7.83593
79282,Ballrechten-Dottingen,47.85685,7.70252
79283,Bollschweil,47.90813,7.82609
79285,Ebringen,47.95616,7.77698
79286,Glottertal,48.04857,7.94481
79288,Gottenheim,48.04998,7.72855
79289,Horben,47.93580,7.85815
79291,Merdingen,48.02706,7.68789
79292,Pfaffenweiler,47.94009,7.75869
79294,Sölden,47.93154,7.81121
79295,Sulzburg,47.84180,7.70741
79297,Winden im Elztal,48.15313,8.04352
79299,Wittnau,47.94050,7.82588
79312,Emmendingen,48.11973,7.86638
79331,Teningen,48.12467,7.79410
79336,Herbolzheim,48.21832,7.81379
79341,Kenzingen,48.18886,7.80566
79346,Endingen am Kaiserstuhl,48.13279,7.67380
79348,Freiamt,48.17939,7.88555
79350,Sexau,48.11109,7.91925
79353,Bahlingen am Kaiserstuhl,48.12344,7.73860
79356,Eichstetten am Kaiserstuhl,48.09402,7.73056
79359,Riegel am Kaiserstuhl,48.15145,7.74805
79361,Sasbach am Kaiserstuhl,48.14027,7.61730
79362,Forchheim,48.16406,7.70332
79364,Malterdingen,48.16098,7.79227
79365,Rheinhausen,48.23550,7.70784
79367,Weisweil,48.19719,7.67753
79369,Wyhl am Kaiserstuhl,48.16915,7.65303
79379,Müllheim,47.81653,7.63702
79395,Neuenburg am Rhein,47.83552,7.57551
79400,Kandern,47.69644,7.65301
79410,Badenweiler,47.80159,7.67211
79415,Bad Bellingen,47.71804,7.54954
79418,Schliengen,47.75961,7.59753
79423,Heitersheim,47.87325,7.65754
79424,Auggen,47.78806,7.59099
79426,Buggingen,47.84810,7.63759
79427,Eschbach,47.89014,7.65082
79429,Malsburg-Marzell,47.73219,7.71104
79513,Röttlerweiler,51.16569,10.45153
79539,Lörrach,47.62152,7.66293
79540,Lörrach,47.60244,7.65910
79541,Lörrach,47.63937,7.69187
79576,Weil am Rhein,47.60524,7.61039
79578,Steinen,51.16569,10.45153
79585,Steinen,47.67060,7.74263
79588,Efringen-Kirchen,47.66225,7.57148
79589,Binzen,47.63440,7.61822
79591,Eimeldingen,47.63059,7.59519
79592,Fischingen,47.64793,7.60077
79594,Inzlingen,47.58810,7.68440
79595,Rümmingen,47.64290,7.64212
79597,Schallbach,47.65385,7.62344
79599,Wittlingen,47.65936,7.65205
79618,Rheinfelden,47.58965,7.76878
79639,Grenzach-Wyhlen,47.55116,7.68001
79650,Schopfheim,47.64469,7.83224
79664,Wehr,47.63008,7.90575
79669,Zell im Wiesental,47.71425,7.86198
79674,Todtnau,47.82954,7.94463
79677,Schönau im Schwarzwald,47.77925,7.89383
79682,Todtmoos,47.73202,8.00224
79683,Bürchau,51.16569,10.45153
79685,Häg-Ehrsberg,47.73701,7.93067
79686,Hasel,47.65456,7.89626
79688,Hausen im Wiesental,47.67912,7.83570
79689,Maulburg,47.64347,7.77750
79691,Neuenweg,51.16569,10.45153
79692,Raich,47.71972,7.79560
79694,Utzenfeld,47.81294,7.90931
79695,Wieden,47.84383,7.89357
79697,Wies,51.16569,10.45153
79699,Wieslet,51.16569,10.45153
79713,Bad Säckingen,47.57494,7.98222
79725,Laufenburg,47.58407,8.06357
79730,Murg,47.58658,8.02791
79733,Görwihl,47.64204,8.07559
79736,Rickenbach,47.62136,7.98261
79737,Herrischried,47.67369,7.98578
79739,Schwörstadt,47.60784,7.86437
79761,Waldshut-Tiengen,47.65333,8.27213
79771,Klettgau,47.62345,8.40992
79774,Albbruck,47.62478,8.11769
79777,Ühlingen-Birkendorf,47.71925,8.31689
79780,Stühlingen,47.76111,8.42633
79787,Lauchringen,47.62430,8.33076
79790,Küssaberg,47.59522,8.32221
79793,Wutöschingen,47.64636,8.36780
79798,Jestetten,47.65154,8.56534
79801,Hohentengen am Hochrhein,47.58821,8.41778
79802,Dettighofen,47.62349,8.48351
79804,Dogern,47.60641,8.16714
79805,Eggingen,47.70459,8.38502
79807,Lottstetten,47.62937,8.57362
79809,Weilheim,47.67962,8.18217
79822,Titisee-Neustadt,47.92728,8.19258
79837,Häusern,47.76421,8.10890
79843,Löffingen,47.87433,8.37386
79848,Bonndorf im Schwarzwald,47.81641,8.33739
79853,Lenzkirch,47.85644,8.20889
79856,Hinterzarten,47.90554,8.10577
79859,Schluchsee,47.81875,8.17724
79862,Höchenschwand,47.72020,8.16948
79865,Grafenhausen,47.77337,8.25826
79868,Feldberg,47.85896,8.03700
79871,Eisenbach (Hochschwarzwald),47.95984,8.26751
79872,Bernau,47.79280,8.06544
79874,Breitnau,47.93939,8.07704
79875,Dachsberg,47.71114,8.08763
79877,Friedenweiler,47.89275,8.29406
79879,Wutach,47.84069,8.42543
80331,München,48.13621,11.57289
80333,München,48.14410,11.56955
80335,München,48.14434,11.55482
80336,München,48.13404,11.55717
80337,München,48.12510,11.55844
80339,München,48.13596,11.53821
80469,München,48.12865,11.57307
80538,München,48.14458,11.58953
80539,München,48.14470,11.58216
80634,München,48.14936,11.53102
80636,München,48.15182,11.54308
80637,München,48.16140,11.53548
80638,München,48.15977,11.50187
80639,München,48.14883,11.51056
80686,München,48.12886,11.50896
80687,München,48.13788,11.51924
80689,München,48.13078,11.49001
80796,München,48.16302,11.56911
80797,München,48.16294,11.55753
80798,München,48.15440,11.56721
80799,München,48.15102,11.57570
80801,München,48.15827,11.57869
80802,München,48.15940,11.59234
80803,München,48.16310,11.58068
80804,München,48.17009,11.57768
80805,München,48.17638,11.61091
80807,München,48.18654,11.58540
80809,München,48.18009,11.54975
80933,München,48.21328,11.55633
80935,München,48.20005,11.55345
80937,München,48.22023,11.57618
80939,München,48.20120,11.61457
80992,München,48.17573,11.51829
80993,München,48.18630,11.52110
80995,München,48.21150,11.51318
80997,München,48.18924,11.48429
80999,München,48.19306,11.44633
81241,München,48.14090,11.46454
81243,München,48.14617,11.43710
81245,München,48.16405,11.43451
81247,München,48.16844,11.46591
81249,München,48.16785,11.39660
81369,München,48.10993,11.52627
81371,München,48.11760,11.54829
81373,München,48.12147,11.53226
81375,München,48.12048,11.49237
81377,München,48.10599,11.48645
81379,München,48.09669,11.52867
81475,München,48.09151,11.48053
81476,München,48.08434,11.49454
81477,München,48.08349,11.51010
81479,München,48.07617,11.52415
81539,München,48.11044,11.58591
81541,München,48.12116,11.58481
81543,München,48.11279,11.56819
81545,München,48.08690,11.55469
81547,München,48.10185,11.57685
81549,München,48.09654,11.60429
81667,München,48.13089,11.59955
81669,München,48.11375,11.60811
81671,München,48.12341,11.61210
81673,München,48.12630,11.63307
81675,München,48.13814,11.60335
81677,München,48.13660,11.63074
81679,München,48.14401,11.60743
81735,München,48.10915,11.64637
81737,München,48.09669,11.62741
81739,München,48.09007,11.66750
81825,München,48.12161,11.65422
81827,München,48.10807,11.68817
81829,München,48.13832,11.68756
81925,München,48.16269,11.62175
81927,München,48.15674,11.64180
81929,München,48.16154,11.65759
82008,Unterhaching,48.06502,11.61759
82024,Taufkirchen,48.03898,11.62656
82031,Grünwald,48.04380,11.52996
82032,Deisenhofen bei München,51.16569,10.45153
82041,Oberhaching,48.02485,11.56815
82049,Pullach im Isartal,48.05745,11.51914
82054,Sauerlach,47.95677,11.64508
82057,Icking,47.94413,11.42376
82061,Neuried,48.09309,11.46578
82064,Straßlach-Dingharting,47.98468,11.51884
82065,Baierbrunn,48.01869,11.48032
82067,Kloster Schäftlarn,47.97868,11.45417
82069,Schäftlarn,47.99029,11.45743
82110,Germering,48.13169,11.35569
82131,Gauting,48.06448,11.37441
82140,Olching,48.21288,11.34907
82152,Krailling,48.10732,11.39832
82166,Gräfelfing,48.12411,11.43141
82178,Puchheim,48.16323,11.34216
82194,Gröbenzell,48.19247,11.37698
82205,Gilching,48.11567,11.26402
82211,Herrsching am Ammersee,48.00889,11.17569
82216,Maisach,48.22839,11.24358
82223,Eichenau,48.17226,11.32228
82229,Seefeld,48.03836,11.23309
82234,Weßling,48.07451,11.27370
82237,Wörthsee,48.06700,11.20207
82239,Alling,48.14081,11.29956
82256,Fürstenfeldbruck,48.17871,11.23683
82266,Inning am Ammersee,48.07627,11.15235
82269,Geltendorf,48.14272,10.98723
82272,Moorenweis,48.15472,11.08074
82275,Emmering,48.17793,11.29556
82276,Adelshofen,48.18562,11.11513
82278,Althegnenberg,48.23574,11.06655
82279,Eching am Ammersee,48.08514,11.11461
82281,Egenhofen,48.25947,11.18375
82282,Pischertshofen,51.16569,10.45153
82284,Grafrath,48.12014,11.16766
82285,Hattenhofen,48.22685,11.10524
82287,Jesenwang,48.16379,11.13266
82288,Kottgeisering,48.12384,11.12991
82290,Landsberied,48.16009,11.17045
82291,Mammendorf,48.21058,11.16748
82293,Mittelstetten,48.25627,11.09642
82294,Oberschweinbach,48.24043,11.14666
82296,Schöngeising,48.13701,11.20054
82297,Steindorf,48.21481,11.02197
82299,Türkenfeld,48.10528,11.08301
82319,Starnberg,48.00909,11.32587
82327,Tutzing,47.89591,11.25436
82335,Berg,47.96538,11.35570
82340,Feldafing,47.94625,11.28895
82343,Pöcking,47.96644,11.30009
82346,Andechs,47.96685,11.18458
82347,Bernried,47.85912,11.27214
82349,Pentenried,48.07644,11.34893
82362,Weilheim in Oberbayern,47.84553,11.15636
82377,Penzberg,47.76310,11.38295
82380,Peißenberg,47.81435,11.06634
82383,Hohenpeißenberg,47.80535,11.00465
82386,Huglfing,47.76858,11.12590
82387,Antdorf,47.75555,11.30851
82389,Böbing,47.76145,10.99396
82390,Eberfing,47.78046,11.20828
82392,Habach,47.72849,11.27957
82393,Iffeldorf,47.78979,11.31578
82395,Obersöchering,47.74376,11.22603
82396,Pähl,47.92505,11.16192
82398,Polling,47.81246,11.13679
82399,Raisting,47.91129,11.11326
82401,Rottenbuch,47.72538,10.95414
82402,Seeshaupt,47.81398,11.27355
82404,Sindelsdorf,47.72328,11.33246
82405,Wessobrunn,47.85770,11.03161
82407,Wielenbach,47.87411,11.15913
82409,Wildsteig,47.67571,10.94627
82418,Seehausen am Staffelsee,47.68198,11.19497
82431,Kochel am See,47.66468,11.36911
82432,"Urfeld, Oberbayern",47.59139,11.31124
82433,Bad Kohlgrub,47.66683,11.05058
82435,Bad Bayersoien,47.69250,10.99202
82436,Eglfing,47.73089,11.17628
82438,Eschenlohe,47.59715,11.18739
82439,Großweil,47.69131,11.30214
82441,Ohlstadt,47.63872,11.22939
82442,Saulgrub,47.66056,11.00608
82444,Schlehdorf,47.65049,11.31162
82445,Schwaigen,47.60771,11.13973
82447,Spatzenhausen,47.71618,11.20211
82449,Uffing am Staffelsee,47.71093,11.10315
82467,Garmisch-Partenkirchen,47.48206,11.10298
82481,Mittenwald,47.44127,11.26405
82487,Oberammergau,47.59580,11.05786
82488,Ettal,47.54543,10.96120
82490,Farchant,47.52867,11.13420
82491,Grainau,47.46177,11.00540
82493,Klais,47.48608,11.21365
82494,Krün,47.50520,11.27860
82496,Oberau,47.56278,11.14126
82497,Unterammergau,47.61643,11.02702
82499,Wallgau,47.52140,11.28178
82515,Wolfratshausen,47.91398,11.42458
82538,Geretsried,47.87589,11.45477
82541,Münsing,47.88595,11.35452
82544,Egling,47.93108,11.50344
82547,Eurasburg,47.85600,11.40648
82549,Königsdorf,47.81625,11.48095
83022,Rosenheim,47.85321,12.13128
83024,Rosenheim,47.86410,12.09966
83026,Rosenheim,47.82989,12.09153
83043,Bad Aibling,47.87895,12.00707
83052,Bruckmühl,47.87601,11.93992
83059,Kolbermoor,47.83938,12.04945
83064,Raubling,47.79159,12.07505
83071,Stephanskirchen,47.86011,12.18383
83075,Bad Feilnbach,47.79961,11.99950
83080,Oberaudorf,47.66613,12.12624
83083,Riedering,47.83551,12.22603
83088,Kiefersfelden,47.61811,12.18679
83093,Bad Endorf,47.90666,12.31012
83098,Brannenburg,47.73151,12.07554
83101,Rohrdorf,47.79995,12.18415
83104,Tuntenhausen,47.93921,12.00643
83109,Großkarolinenfeld,47.89278,12.06578
83112,Frasdorf,47.80305,12.28513
83115,Neubeuern,47.78006,12.14163
83119,Obing,47.99853,12.40544
83122,Samerberg,47.78133,12.21275
83123,Amerang,48.00259,12.30569
83125,Eggstätt,47.93399,12.38194
83126,Flintsbach,47.70702,12.11760
83128,Halfing,47.95050,12.27623
83129,Höslwang,47.95482,12.32845
83131,Nußdorf am Inn,47.74292,12.15656
83132,Pittenhart,47.97763,12.38999
83134,Prutting,47.88474,12.18791
83135,Schechen,47.92707,12.12428
83137,Schonstett,47.98752,12.25920
83139,Söchtenau,47.92036,12.22989
83209,Prien am Chiemsee,47.85732,12.39459
83224,Grassau,47.79163,12.44512
83229,Aschau im Chiemgau,47.78054,12.32438
83233,Bernau am Chiemsee,47.81906,12.37770
83236,Übersee,47.82181,12.48310
83242,Reit im Winkl,47.67656,12.46921
83246,Unterwössen,47.73553,12.45713
83250,Marquartstein,47.75847,12.46210
83253,Rimsting,47.87959,12.33778
83254,Breitbrunn am Chiemsee,47.88952,12.39754
83256,Chiemsee,47.89004,12.46224
83257,Gstadt am Chiemsee,47.89970,12.41997
83259,Schleching,47.71800,12.38607
83278,Traunstein,47.88541,12.64004
83301,Traunreut,47.95273,12.57686
83308,Trostberg,48.03773,12.58157
83313,Siegsdorf,47.80738,12.66483
83317,Teisendorf,47.85847,12.83494
83324,Ruhpolding,47.76076,12.64981
83329,Wonneberg,47.94403,12.69994
83334,Inzell,47.77405,12.78300
83339,Chieming,47.89483,12.53692
83342,Tacherting,48.08741,12.49670
83344,Bergen,51.16569,10.45153
83346,Bergen,47.80698,12.59010
83349,Palling,48.01004,12.64946
83352,Altenmarkt an der Alz,48.00782,12.48797
83355,Grabenstätt,47.84059,12.54662
83358,Seeon-Seebruck,47.93662,12.44965
83359,Hallabruck,51.16569,10.45153
83361,Kienberg,48.03530,12.46681
83362,Surberg,47.86197,12.70615
83364,Graben bei Neukirchen am Teisenberg,47.83296,12.74977
83365,Nußdorf,47.91020,12.59782
83367,Petting,47.91056,12.81860
83368,"Anning bei Sankt Georgen, Chiemgau",47.96918,12.56712
83370,Seeon-Seebruck,47.97580,12.46112
83371,Roitham bei Stein an der Traun,47.98775,12.55582
83373,Taching am See,47.96097,12.72685
83374,Niedling,47.94545,12.60182
83376,Castrum,47.96117,12.50055
83377,Vachendorf,47.84045,12.59315
83379,Wonneberg,47.91476,12.71913
83395,Freilassing,47.84801,12.97079
83404,Ainring,47.81682,12.93627
83410,Laufen,47.92389,12.87835
83413,Fridolfing,47.98996,12.82811
83416,Saaldorf-Surheim,47.87697,12.93723
83417,Kirchanschöring,47.95295,12.83455
83435,Bad Reichenhall,47.72732,12.84166
83451,Piding,47.76527,12.91076
83454,Anger,47.80135,12.86519
83457,Bayerisch Gmain,47.71608,12.89653
83458,Schneizlreuth,47.69011,12.80179
83471,Schönau am Königssee,47.63321,13.05171
83483,Bischofswiesen,47.63390,12.95866
83486,Ramsau,47.57464,12.86485
83487,Marktschellenberg,47.67961,13.03991
83489,Strub,51.16569,10.45153
83512,Wasserburg am Inn,48.05473,12.19542
83527,Kirchdorf,48.18394,12.16494
83530,Schnaitsee,48.07938,12.38616
83533,Edling,48.05882,12.15731
83536,Gars am Inn,48.14820,12.26283
83539,Albaching,48.05435,12.10909
83543,Rott am Inn,47.98606,12.13245
83544,Albaching,48.10959,12.10613
83546,"Biburg, Gemeinde Gars am Inn",48.17294,12.31377
83547,Babensham,48.09046,12.28426
83549,Eiselfing,48.03962,12.24133
83550,Emmering,47.98734,12.07337
83552,Durrhausen,48.03278,12.30562
83553,Frauenneuharting,48.03851,12.04747
83555,Haiden bei Gars Bahnhof,48.14406,12.30109
83556,Griesstätt,47.99356,12.17928
83558,Maitenbeth,48.14979,12.09258
83559,"Reiser, Gemeinde Gars am Inn",48.15092,12.33083
83561,Ramerberg,48.01695,12.14913
83562,Rechtmehring,48.12381,12.16005
83564,Soyen,48.10771,12.21036
83565,"Ast, Gemeinde Frauenneuharting",48.02156,12.03508
83567,Unterreit,48.12011,12.33400
83569,Vogtareuth,47.94224,12.16650
83607,Holzkirchen,47.87210,11.68864
83620,Feldkirchen-Westerham,47.91406,11.86387
83623,Dietramszell,47.85456,11.58882
83624,Otterfing,47.91312,11.67947
83626,Valley,47.88964,11.76920
83627,Warngau,47.83156,11.71662
83629,Weyarn,47.85363,11.81868
83646,Wackersberg,47.74797,11.53287
83661,Lenggries,47.55722,11.54556
83666,Waakirchen,47.77354,11.67387
83670,Bad Heilbrunn,47.75556,11.45789
83671,Benediktbeuern,47.67634,11.45162
83673,Bichl,47.71051,11.45904
83674,Gaißach,47.73429,11.57146
83676,Jachenau,47.60542,11.43472
83677,Greiling,47.76647,11.63089
83679,Sachsenkam,47.81291,11.63137
83684,Tegernsee,47.71943,11.76238
83700,Rottach-Egern,47.65966,11.80917
83703,Gmund am Tegernsee,47.75065,11.73706
83707,Bad Wiessee,47.71667,11.71991
83708,Kreuth,47.61834,11.72669
83714,Miesbach,47.79891,11.81535
83727,Schliersee,47.69268,11.87536
83730,Fischbachau,47.75571,11.94138
83734,Hausham,47.75797,11.82434
83735,Bayrischzell,47.67322,12.01420
83737,Irschenberg,47.81020,11.89885
83739,Hofreuth bei Wörnsmühl,51.16569,10.45153
84028,Landshut,48.53901,12.15813
84030,Ergolding,48.59291,12.12756
84032,Altdorf,48.55369,12.10511
84034,Landshut,48.53049,12.09383
84036,Landshut,48.52365,12.20536
84048,Mainburg,48.65023,11.77516
84051,Essenbach,48.61515,12.20475
84056,Rottenburg an der Laaber,48.71497,12.03169
84061,Ergoldsbach,48.68457,12.22151
84066,Mallersdorf-Pfaffenberg,48.76520,12.22962
84069,Schierling,48.83480,12.15125
84072,Au in der Hallertau,48.55554,11.70868
84076,Pfeffenhausen,48.67308,11.94627
84079,Bruckberg,48.52263,11.99270
84082,Laberweinting,48.76514,12.32476
84085,Langquaid,48.82266,12.05144
84088,Neufahrn in Niederbayern,48.73181,12.16078
84089,Aiglsbach,48.69718,11.71427
84091,Attenhofen,48.66169,11.86064
84092,Bayerbach,48.70448,12.29531
84094,Elsendorf,48.70909,11.80995
84095,Furth,48.58859,12.02461
84097,Herrngiersdorf,48.78181,12.07402
84098,Hohenthann,48.65672,12.10117
84100,Niederaichbach,48.59290,12.31676
84101,Obersüßbach,48.60990,11.94412
84103,Postau,48.64933,12.32643
84104,Rudelzhausen,48.58650,11.80202
84106,Volkenschwand,48.60300,11.86495
84107,Weihmichl,48.60233,12.04428
84109,Wörth an der Isar,48.62825,12.34250
84130,Dingolfing,48.61477,12.48922
84137,Vilsbiburg,48.43777,12.34301
84140,Gangkofen,48.45385,12.56640
84144,Geisenhausen,48.47444,12.25706
84149,Velden,48.35492,12.26624
84152,Mengkofen,48.72032,12.44105
84155,Bodenkirchen,48.40176,12.39452
84160,Frontenhausen,48.54468,12.52595
84163,Marklkofen,48.55277,12.55949
84164,Moosthenning,48.67585,12.48930
84166,Adlkofen,48.54478,12.26111
84168,Aham,48.53320,12.46781
84169,Altfraunhofen,48.44872,12.16775
84171,Baierbach,48.41847,12.19321
84172,Buch am Erlbach,48.44457,12.04338
84174,Eching,48.47918,12.05155
84175,Schalkham,48.47913,12.42882
84177,Gottfrieding,48.63743,12.53550
84178,Kröning,48.55324,12.36426
84180,Loiching,48.61873,12.42899
84181,Neufraunhofen,48.38531,12.21907
84183,Niederviehbach,48.60114,12.38136
84184,Tiefenbach,48.49312,12.11131
84186,Vilsheim,48.44752,12.10574
84187,Weng,48.66361,12.36830
84189,Wurmsham,48.35350,12.32609
84307,Eggenfelden,48.40330,12.74690
84323,Massing,48.39505,12.61451
84326,Falkenberg,48.47523,12.73893
84329,Wurmannsquick,48.35242,12.78702
84332,Hebertsfelden,48.43607,12.81622
84333,Malgersdorf,48.53430,12.74413
84335,Mitterskirchen,48.34543,12.72057
84337,Schönau,48.49400,12.84280
84339,Unterdietfurt,48.38829,12.66336
84347,Pfarrkirchen,48.44067,12.95453
84359,Simbach am Inn,48.29106,13.02119
84364,Bad Birnbach,48.44806,13.06718
84367,Tann,48.32505,12.90108
84371,Triftern,48.39323,13.01430
84375,Kirchdorf am Inn,48.24711,12.98503
84378,Dietersburg,48.49337,12.92862
84381,Johanniskirchen,48.53356,12.94832
84384,Wittibreut,48.33250,13.01328
84385,Egglham,48.53122,13.05132
84387,Julbach,48.25444,12.94310
84389,Postmünster,48.41678,12.90254
84405,Dorfen,48.29418,12.17270
84416,Taufkirchen (Vils),48.34934,12.12965
84419,Obertaufkirchen,48.27174,12.25877
84424,Isen,48.21126,12.05715
84427,Sankt Wolfgang,48.21678,12.13302
84428,Buchbach,48.31041,12.27473
84431,Heldenstein,48.24451,12.35196
84432,Hohenpolding,48.39493,12.12928
84434,Kirchberg,48.40533,12.04824
84435,Lengdorf,48.25748,12.04750
84437,Reichertsheim,48.19791,12.28486
84439,Steinkirchen,48.37471,12.07943
84453,Mühldorf am Inn,48.24284,12.50566
84478,Waldkraiburg,48.20172,12.42022
84489,Burghausen,48.16714,12.82173
84494,Niederbergkirchen,48.35997,12.50617
84503,Altötting,48.22124,12.74520
84508,Burgkirchen an der Alz,48.14148,12.73587
84513,Erharting,48.26465,12.58274
84518,Garching an der Alz,48.13941,12.57358
84524,Neuötting,48.24745,12.73687
84529,Tittmoning,48.03980,12.74342
84533,Haiming,48.25522,12.84465
84539,Zangberg,48.25821,12.41169
84543,Winhöring,48.26551,12.65115
84544,Aschau am Inn,48.19906,12.35203
84546,Egglkofen,48.39448,12.45076
84547,Emmerting,48.20320,12.77073
84549,Engelsberg,48.11646,12.54320
84550,Feichten an der Alz,48.09122,12.59890
84552,Geratskirchen,48.34709,12.66042
84553,"Halsbach, Kreis Altötting",48.12801,12.67594
84555,Jettenbach,48.15777,12.36060
84556,Kastl,48.19397,12.69591
84558,Halsbach,48.07042,12.64990
84559,Kraiburg am Inn,48.18477,12.43135
84561,Mehring,48.18109,12.78763
84562,Mettenheim,48.26566,12.46377
84564,Oberbergkirchen,48.31756,12.37748
84565,Oberneukirchen,48.17268,12.52174
84567,Perach,48.30714,12.78643
84568,Pleiskirchen,48.30700,12.59618
84570,Polling,48.20278,12.54825
84571,Reischach,48.28474,12.72005
84573,Schönberg,48.34266,12.43981
84574,Taufkirchen,48.14894,12.45493
84576,Teising,48.22872,12.61037
84577,Tüßling,48.21081,12.61241
84579,Unterneukirchen,48.16435,12.61956
85049,Ingolstadt,48.75572,11.33648
85051,Ingolstadt,48.72848,11.40561
85053,Ingolstadt,48.75057,11.45789
85055,Ingolstadt,48.79138,11.43794
85057,Ingolstadt,48.77510,11.40974
85072,Eichstätt,48.89103,11.20370
85077,Manching,48.71815,11.50841
85080,Gaimersheim,48.81442,11.36025
85084,Reichertshofen,48.65685,11.46797
85088,Vohburg an der Donau,48.76892,11.60982
85092,Kösching,48.83805,11.53089
85095,Denkendorf,48.92682,11.45973
85098,Großmehring,48.77677,11.53251
85101,Lenting,48.80478,11.45966
85104,Pförring,48.80863,11.68777
85107,Baar-Ebenhausen,48.67309,11.46504
85110,Kipfenberg,48.95006,11.39411
85111,Adelschlag,48.83962,11.21855
85113,Böhmfeld,48.86101,11.36678
85114,Buxheim,48.81655,11.28751
85116,Egweil,48.78573,11.23170
85117,Eitensheim,48.81942,11.32039
85119,Ernsgaden,48.73238,11.57615
85120,Hepberg,48.82272,11.46118
85122,Hitzhofen,48.88087,11.30675
85123,Karlskron,48.66731,11.40744
85125,Kinding,48.99967,11.38711
85126,Münchsmünster,48.76366,11.66139
85128,Nassenfels,48.79885,11.22772
85129,Oberdolling,48.82828,11.59333
85131,Pollenfeld,48.94804,11.20598
85132,Schernfeld,48.90477,11.10672
85134,Stammham,48.85817,11.45895
85135,Titting,48.99174,11.21720
85137,Walting,48.92265,11.29679
85139,Wettstetten,48.82373,11.41439
85221,Dachau,48.25790,11.45298
85229,Markt Indersdorf,48.36760,11.36548
85232,Bergkirchen,48.24867,11.34378
85235,Pfaffenhofen an der Glonn,48.32441,11.18989
85238,Petershausen,48.41123,11.47152
85241,Hebertshausen,48.29078,11.47291
85244,Röhrmoos,48.32945,11.45020
85247,Schwabhausen,48.30306,11.35543
85250,Altomünster,48.38867,11.25510
85253,Erdweg,48.33633,11.27368
85254,Sulzemoos,48.29018,11.26449
85256,Vierkirchen,48.36290,11.46278
85258,Weichs,48.38742,11.41983
85259,Wiedenzhausen,48.30019,11.23819
85276,Pfaffenhofen an der Ilm,48.55695,11.49570
85283,Wolnzach,48.60499,11.62228
85290,Geisenfeld,48.68558,11.62893
85293,Reichertshausen,48.45709,11.48140
85296,Rohrbach,48.60746,11.56545
85298,Scheyern,48.50113,11.44626
85301,Schweitenkirchen,48.52451,11.61563
85302,Gerolsbach,48.50033,11.35299
85304,Ilmmünster,48.48673,11.50191
85305,Jetzendorf,48.43690,11.41715
85307,Paunzhausen,48.47446,11.56381
85309,Pörnbach,48.62058,11.46842
85354,Freising,48.39487,11.69500
85356,Freising,48.38279,11.76317
85368,Wang,48.47061,11.94057
85375,Neufahrn bei Freising,48.32152,11.67110
85376,Hetzenhausen,48.34749,11.64318
85386,Eching,48.30056,11.62923
85391,Allershausen,48.43030,11.59855
85395,Attenkirchen,48.49194,11.73555
85399,Hallbergmoos,48.30947,11.73911
85402,Kranzberg,48.40600,11.61665
85405,Nandlstadt,48.52551,11.80312
85406,Zolling,48.45118,11.76916
85408,Gammelsdorf,48.55291,11.94563
85410,Haag an der Amper,48.45860,11.83267
85411,Hohenkammer,48.42400,11.52365
85413,Hörgertshausen,48.55904,11.87089
85414,Kirchdorf an der Amper,48.45832,11.65195
85416,Langenbach,48.43433,11.85158
85417,Marzling,48.41025,11.79373
85419,Mauern,48.51481,11.90577
85435,Erding,48.31025,11.92577
85445,Oberding,48.32091,11.82371
85447,Fraunberg,48.36836,11.99275
85452,Moosinning,48.28220,11.80741
85456,Wartenberg,48.39051,11.98002
85457,Wörth,48.24565,11.90373
85459,Berglern,48.38340,11.92966
85461,Bockhorn,48.31434,11.98712
85462,Eitting,48.35887,11.89076
85464,Finsing,48.21606,11.82463
85465,Langenpreising,48.42644,11.97530
85467,Neuching,48.24373,11.83771
85469,Walpertskirchen,48.25937,11.97740
85521,Ottobrunn,48.05984,11.66812
85540,Haar,48.11380,11.73017
85551,Kirchheim bei München,48.18268,11.74575
85560,Ebersberg,48.08186,11.98799
85567,Bruck,48.03507,11.95478
85570,Ottenhofen,48.19978,11.87226
85579,Neubiberg,48.08028,11.64037
85586,Poing,48.16645,11.80516
85591,Vaterstetten,48.10560,11.77540
85598,Baldham,48.09887,11.78681
85599,Parsdorf,48.14251,11.78796
85604,Zorneding,48.08402,11.82340
85609,Aschheim,48.18530,11.72037
85614,Kirchseeon,48.06777,11.88267
85617,Aßling,47.99217,12.00534
85622,Feldkirchen,48.14406,11.72960
85625,Glonn,47.97172,11.88825
85630,Grasbrunn,48.08642,11.75174
85635,Höhenkirchen-Siegertsbrunn,48.02599,11.75284
85640,Putzbrunn,48.08617,11.70544
85643,Steinhöring,48.09574,12.04701
85646,Anzing,48.15152,11.85186
85649,Brunnthal,47.99268,11.68628
85652,Pliening,48.19806,11.79194
85653,Aying,47.96563,11.75392
85655,Loibersdorf bei Großhelfendorf,51.16569,10.45153
85656,Buch am Buchrain,48.21530,11.99272
85658,Egmating,48.00460,11.79701
85659,Forstern,48.17945,11.96991
85661,Forstinning,48.16915,11.91353
85662,Hohenbrunn,48.04810,11.70205
85664,Hohenlinden,48.15738,11.99661
85665,Moosach,48.03276,11.87611
85667,Oberpframmern,48.02168,11.81314
85669,Pastetten,48.19957,11.94579
85716,Unterschleißheim,48.28218,11.56204
85737,Ismaning,48.23206,11.70678
85748,Garching bei München,48.23988,11.63058
85757,Karlsfeld,48.23178,11.46211
85764,Oberschleißheim,48.24764,11.55444
85774,Unterföhring,48.19182,11.65694
85777,Fahrenzhausen,48.36909,11.55146
85778,Haimhausen,48.30833,11.55295
86150,Augsburg,48.36567,10.89427
86152,Augsburg,48.37191,10.89504
86153,Augsburg,48.38088,10.89361
86154,Augsburg,48.39242,10.87842
86156,Augsburg,48.39209,10.85536
86157,Augsburg,48.36322,10.86712
86159,Augsburg,48.34501,10.89935
86161,Augsburg,48.34593,10.91608
86163,Augsburg,48.35516,10.94441
86165,Augsburg,48.38150,10.93975
86167,Augsburg,48.39306,10.92456
86169,Augsburg,48.41769,10.90461
86179,Augsburg,48.31008,10.92180
86199,Augsburg,48.31731,10.84612
86316,Friedberg,48.36112,11.02038
86343,Königsbrunn,48.25845,10.88217
86356,Neusäß,48.39997,10.82564
86368,Gersthofen,48.42612,10.81606
86381,Krumbach,48.24031,10.37509
86391,Stadtbergen,48.36409,10.83146
86399,Bobingen,48.28320,10.78077
86405,Meitingen,48.53890,10.85298
86415,Mering,48.26698,11.00316
86420,Diedorf,48.36579,10.76018
86424,Dinkelscherben,48.34099,10.59423
86438,Kissing,48.30523,10.97228
86441,Zusmarshausen,48.40180,10.59108
86444,Affing,48.44631,10.97487
86447,Todtenweis,48.51454,10.89619
86450,Altenmünster,48.46502,10.56265
86453,Dasing,48.38461,11.04847
86456,Gablingen,48.45657,10.81466
86459,Gessertshausen,48.30977,10.71269
86462,Langweid am Lech,48.48533,10.86095
86465,Heretsried,48.45677,10.66024
86470,Thannhausen,48.27667,10.47271
86473,Ziemetshausen,48.29169,10.53154
86476,Neuburg an der Kammel,48.30320,10.36278
86477,Adelsried,48.42473,10.72386
86479,Aichen,48.23083,10.53339
86480,Aletshausen,48.19913,10.38575
86482,Aystetten,48.41022,10.77066
86483,Balzhausen,48.24202,10.49337
86485,Biberbach,48.50466,10.78722
86486,Bonstetten,48.44328,10.71458
86488,Breitenthal,48.23763,10.29428
86489,Deisenhausen,48.25640,10.32564
86491,Ebershausen,48.20457,10.31619
86492,Egling an der Paar,48.18391,10.97722
86494,Emersacker,48.47943,10.67925
86495,Eurasburg,48.33529,11.08313
86497,Horgau,48.39552,10.68335
86498,Kettershausen,48.19527,10.26179
86500,Kutzenhausen,48.34152,10.69480
86502,Laugna,48.52970,10.69630
86504,Merching,48.23908,10.97917
86505,Münsterhausen,48.31362,10.45402
86507,Kleinaitingen,48.23834,10.85739
86508,Rehling,48.48712,10.91843
86510,Ried,48.29046,11.04346
86511,Schmiechen,48.21405,10.96638
86513,Ursberg,48.24862,10.44933
86514,Ustersbach,48.31601,10.64398
86517,Wehringen,48.24621,10.79918
86519,Wiesenbach,48.29150,10.30985
86529,Schrobenhausen,48.56294,11.23230
86551,Aichach,48.44253,11.11825
86554,Pöttmes,48.57791,11.07931
86556,Kühbach,48.50697,11.18346
86558,Hohenwart,48.59008,11.38466
86559,Adelzhausen,48.35708,11.13769
86561,Aresing,48.53589,11.30101
86562,Berg im Gau,48.63675,11.25524
86564,Brunnen,48.63339,11.34036
86565,Gachenbach,48.50620,11.24270
86567,Hilgertshausen-Tandern,48.42697,11.35493
86568,Hollenbach,48.48341,11.06186
86570,Inchenhofen,48.51443,11.10711
86571,Langenmosen,48.60775,11.20836
86573,Obergriesbach,48.42170,11.06484
86574,Petersdorf,48.52856,11.01366
86576,Schiltberg,48.46174,11.24946
86577,Sielenbach,48.40272,11.16551
86579,Waidhofen,48.57702,11.33414
86609,Donauwörth,48.72944,10.76812
86633,Neuburg an der Donau,48.72926,11.19247
86637,Wertingen,48.55565,10.67544
86641,Rain,48.67086,10.95702
86643,Rennertshofen,48.76381,11.04652
86647,Buttenwiesen,48.60253,10.71909
86650,Wemding,48.87646,10.71853
86653,Monheim,48.83370,10.84800
86655,Harburg,48.77825,10.68108
86657,Bissingen,48.71707,10.61756
86660,Tapfheim,48.67544,10.69471
86663,Asbach-Bäumenheim,48.68852,10.82504
86666,Burgheim,48.70058,11.01684
86668,Karlshuld,48.68006,11.27929
86669,Königsmoos,48.64855,11.18687
86672,Thierhaupten,48.55358,10.91134
86673,Bergheim,48.76170,11.25672
86674,Baar,48.58349,10.96916
86675,Buchdorf,48.78263,10.82804
86676,Ehekirchen,48.63801,11.10532
86678,Ehingen,48.59069,10.78739
86679,Ellgau,48.61399,10.86225
86681,Fünfstetten,48.83289,10.76688
86682,Genderkingen,48.70416,10.87935
86684,Holzheim,48.61525,10.95515
86685,Huisheim,48.82520,10.70407
86687,Kaisheim,48.77106,10.75764
86688,Marxheim,48.74185,10.94520
86690,Mertingen,48.64388,10.81443
86692,Münster,48.62012,10.90422
86694,Niederschönenfeld,48.72078,10.93242
86695,Allmannshofen,48.59499,10.83268
86697,Oberhausen,48.71720,11.10786
86698,Oberndorf am Lech,48.68060,10.85501
86700,Otting,48.87353,10.80364
86701,Rohrenfels,48.68588,11.16853
86703,Rögling,48.84907,10.95363
86704,Tagmersheim,48.81718,10.96776
86706,Weichering,48.71109,11.32512
86707,Westendorf,48.56633,10.83067
86709,Wolferstadt,48.90665,10.77654
86720,Nördlingen,48.85610,10.49922
86732,Oettingen in Bayern,48.95413,10.59558
86733,Alerheim,48.84431,10.62686
86735,Forheim,48.75783,10.46253
86736,Auhausen,49.01129,10.58400
86738,Deiningen,48.86438,10.57496
86739,Ederheim,48.79279,10.46898
86741,Ehingen am Ries,48.95886,10.54436
86742,Fremdingen,48.97019,10.45626
86744,Hainsfarth,48.96041,10.63775
86745,Hohenaltheim,48.78426,10.53463
86747,Maihingen,48.93167,10.50768
86748,Marktoffingen,48.92534,10.46565
86750,Megesheim,48.93815,10.65096
86751,Mönchsdeggingen,48.77574,10.58057
86753,Möttingen,48.80974,10.56099
86754,Munningen,48.91984,10.63563
86756,Reimlingen,48.81726,10.51662
86757,Wallerstein,48.88695,10.47694
86759,Wechingen,48.89280,10.61476
86807,Buchloe,48.02629,10.73451
86825,Bad Wörishofen,48.01009,10.58633
86830,Schwabmünchen,48.19932,10.70968
86833,Ettringen,48.10445,10.65397
86836,Obermeitingen,48.16078,10.80704
86842,Türkheim,48.05502,10.64199
86845,Großaitingen,48.22253,10.78358
86850,Fischach,48.29503,10.65498
86853,Langerringen,48.12550,10.74646
86854,Amberg,48.06131,10.68194
86856,Hiltenfingen,48.16084,10.71816
86857,Hurlach,48.11890,10.81360
86859,Igling,48.07284,10.80759
86860,Jengen,47.99419,10.70290
86862,Lamerdingen,48.08674,10.73166
86863,Langenneufnach,48.26359,10.60521
86865,Markt Wald,48.14777,10.59422
86866,Mickhausen,48.24041,10.63851
86868,Mittelneufnach,48.18383,10.60648
86869,Oberostendorf,47.94366,10.74327
86871,Rammingen,48.05967,10.59207
86872,Scherstetten,48.19548,10.64330
86874,Tussenhausen,48.10308,10.55671
86875,Waal,47.99580,10.77639
86877,Walkertshofen,48.22619,10.58352
86879,Wiedergeltingen,48.03888,10.67300
86899,Landsberg am Lech,48.02530,10.85066
86911,Dießen am Ammersee,47.96255,11.08577
86916,Kaufering,48.09848,10.87242
86919,Utting am Ammersee,48.01448,11.06721
86920,Denklingen,47.89615,10.83972
86922,Eresing,48.08873,11.02284
86923,Finning,48.01934,11.01710
86925,Fuchstal,47.93433,10.82704
86926,Greifenberg,48.07914,11.07312
86928,Hofstetten,48.00742,10.97289
86929,Penzing,48.08945,10.91441
86931,Prittriching,48.20390,10.92628
86932,Pürgen,48.00966,10.90944
86934,Reichling,47.92225,10.92525
86935,Rott,47.90575,10.97093
86937,Scheuring,48.16929,10.89756
86938,Schondorf am Ammersee,48.04875,11.09081
86940,Schwifting,48.04747,10.92836
86941,Sankt Ottilien,48.09821,11.05780
86943,Thaining,47.96924,10.96506
86944,Unterdießen,47.98010,10.82870
86946,Vilgertshofen,47.95803,10.94677
86947,Weil,48.11828,10.92443
86949,Windach,48.05801,11.03225
86956,Schongau,47.81612,10.89270
86971,Peiting,47.78788,10.92688
86972,Altenstadt,47.82814,10.87156
86974,Apfeldorf,47.89203,10.93503
86975,Bernbeuren,47.73868,10.77569
86977,Burggen,47.77812,10.82011
86978,Hohenfurch,47.85705,10.88272
86980,Ingenried,47.80632,10.78590
86981,Kinsau,47.87758,10.90889
86983,Lechbruck,47.69692,10.78256
86984,Prem,47.67832,10.80442
86986,Schwabbruck,47.82206,10.83056
86987,Schwabsoien,47.84370,10.81311
86989,Steingaden,47.71330,10.87229
87435,Kempten,47.71524,10.31489
87437,Kempten,47.74243,10.34601
87439,Kempten,47.74374,10.27650
87448,Waltenhofen,47.65053,10.26162
87452,Altusried,47.79658,10.18757
87459,Pfronten,47.57664,10.52644
87463,Dietmannsried,47.80877,10.28935
87466,Oy-Mittelberg,47.64434,10.45457
87471,Durach,47.69402,10.38550
87474,Buchenberg,47.69569,10.20191
87477,Sulzberg,47.66088,10.36695
87480,Weitnau,47.64070,10.12580
87484,Nesselwang,47.62386,10.49951
87487,Wiggensbach,47.73963,10.21146
87488,Betzigau,47.71416,10.43751
87490,Haldenwang,47.78101,10.36017
87493,Lauben,47.77954,10.29816
87494,Rückholz,47.65891,10.55081
87496,Untrasried,47.82804,10.37998
87497,Wertach,47.60183,10.40966
87499,Wildpoldsried,47.76556,10.40156
87509,Immenstadt im Allgäu,47.57794,10.18470
87527,Sonthofen,47.50928,10.28614
87534,Oberstaufen,47.53963,10.05747
87538,Obermaiselstein,47.44647,10.24027
87541,Bad Hindelang,47.47049,10.38567
87544,Blaichach,47.49886,10.18142
87545,Burgberg im Allgäu,47.53763,10.28503
87547,Missen-Wilhams,47.60373,10.11819
87549,Rettenberg,47.57407,10.29034
87561,Oberstdorf,47.35994,10.29475
87600,Kaufbeuren,47.87630,10.62606
87616,Marktoberdorf,47.75826,10.60725
87629,Füssen,47.57364,10.66535
87634,Obergünzburg,47.85373,10.43809
87637,Seeg,47.63818,10.61318
87640,Biessenhofen,47.82977,10.64116
87642,Halblech,47.62566,10.85134
87645,Schwangau,47.57787,10.73825
87647,Kraftisried,47.76971,10.48364
87648,Aitrang,47.81772,10.53470
87650,Baisweil,47.94458,10.54026
87651,Bidingen,47.82840,10.71075
87653,Eggenthal,47.91403,10.51122
87654,Friesenried,47.87484,10.53240
87656,Germaringen,47.92159,10.66784
87657,Görisried,47.70667,10.50915
87659,Hopferau,47.61013,10.64726
87660,Irsee,47.90780,10.57116
87662,Kaltental,47.88935,10.75327
87663,Lengenwang,47.69510,10.58990
87665,Mauerstetten,47.89230,10.66992
87666,Pforzen,47.92980,10.61296
87668,Rieden,47.95217,10.64576
87669,Rieden am Forggensee,47.61665,10.71337
87671,Ronsberg,47.89607,10.41483
87672,Roßhaupten,47.65488,10.71879
87674,Ruderatshofen,47.82071,10.57948
87675,Rettenbach am Auerberg,47.73721,10.68867
87677,Stöttwang,47.89049,10.71519
87679,Westendorf,47.92418,10.70210
87700,Memmingen,47.97736,10.17635
87719,Mindelheim,48.04952,10.48509
87724,Ottobeuren,47.92526,10.31087
87727,Babenhausen,48.15207,10.23963
87730,Bad Grönenbach,47.87169,10.24024
87733,Markt Rettenbach,47.94787,10.39491
87734,Benningen,47.96864,10.21794
87736,Böhen,47.88006,10.31351
87737,Boos,48.08948,10.21049
87739,Breitenbrunn,48.13696,10.40280
87740,Buxheim,47.99614,10.13526
87742,Dirlewang,48.00206,10.50376
87743,Egg an der Günz,48.08660,10.28354
87745,Eppishausen,48.18108,10.52773
87746,Erkheim,48.04150,10.35348
87748,Fellheim,48.07252,10.15157
87749,Hawangen,47.97026,10.26521
87751,Heimertingen,48.04427,10.15571
87752,Holzgünz,48.02475,10.25828
87754,Kammlach,48.05995,10.41894
87755,Kirchhaslach,48.16477,10.32151
87757,Kirchheim in Schwaben,48.17294,10.47371
87758,Kronburg,47.90416,10.15634
87760,Lachen,47.94493,10.24130
87761,Lauben,48.05917,10.28997
87763,Lautrach,47.89670,10.11600
87764,Legau,47.86117,10.13451
87766,Memmingerberg,47.98802,10.22497
87767,Niederrieden,48.05065,10.19644
87769,Oberrieden,48.08870,10.42748
87770,Oberschönegg,48.11078,10.30818
87772,Pfaffenhausen,48.11962,10.45457
87773,Pleß,48.09735,10.15328
87775,Salgen,48.12512,10.48100
87776,Sontheim,48.00048,10.36408
87778,Stetten,48.01304,10.44580
87779,Trunkelsberg,48.00191,10.21598
87781,Ungerhausen,48.00520,10.26685
87782,Unteregg,47.95466,10.48196
87784,Westerheim,48.01976,10.29948
87785,Winterrieden,48.11862,10.22106
87787,Wolfertschwenden,47.91038,10.25430
87789,Woringen,47.92279,10.20111
88045,Friedrichshafen,47.64098,9.45316
88046,Friedrichshafen,47.64228,9.49730
88048,Friedrichshafen,47.69695,9.49691
88069,Tettnang,47.64605,9.62992
88074,Meckenbeuren,47.71017,9.57653
88079,Kressbronn am Bodensee,47.60416,9.59690
88085,Langenargen,47.59951,9.54225
88086,Immenstaad am Bodensee,51.16569,10.45153
88090,Immenstaad am Bodensee,47.64899,9.35605
88094,Oberteuringen,47.73840,9.47389
88097,Eriskirch,47.62893,9.52914
88099,Neukirch,47.65915,9.70964
88131,Bodolz,47.56271,9.67655
88138,Sigmarszell,47.58568,9.72472
88142,Wasserburg (Bodensee),47.57030,9.63843
88145,Hergatz,47.62693,9.83291
88147,Achberg,47.61509,9.71398
88149,Nonnenhorn,47.57537,9.61010
88161,Lindenberg im Allgäu,47.60914,9.88700
88167,Maierhöfen,47.62094,10.03599
88171,Weiler-Simmerberg,47.58241,9.90906
88175,Scheidegg,47.56738,9.85356
88178,Heimenkirch,47.62937,9.90364
88179,Oberreute,47.56333,9.94464
88212,Ravensburg,47.78376,9.61516
88213,Ravensburg,47.77230,9.54738
88214,Ravensburg,47.74247,9.60632
88239,Wangen im Allgäu,47.68940,9.82064
88250,Weingarten,47.80918,9.64162
88255,Baienfurt,47.84153,9.67158
88260,Argenbühl,47.69809,9.94973
88263,Horgenzell,47.81715,9.48716
88267,Vogt,47.77601,9.76750
88271,Wilhelmsdorf,47.86201,9.42684
88273,Fronreute,47.85914,9.52113
88276,Berg,47.81026,9.60089
88279,Amtzell,47.71501,9.75401
88281,Schlier,47.79863,9.70728
88284,Wolpertswende,47.89085,9.61906
88285,Bodnegg,47.69986,9.69851
88287,Grünkraut,47.73835,9.65515
88289,Waldburg,47.75785,9.71844
88299,Leutkirch im Allgäu,47.82261,10.00640
88316,Isny im Allgäu,47.70878,10.05461
88317,Aichstetten,47.88708,10.06744
88319,Aitrach,47.93229,10.06449
88326,Aulendorf,47.94266,9.65569
88339,Bad Waldsee,47.92143,9.78758
88348,Allmannsweiler,48.02410,9.51901
88353,Kißlegg,47.79250,9.89449
88356,Ostrach,47.95846,9.34580
88361,Eichstegen,47.93356,9.52635
88364,Wolfegg,47.82570,9.79864
88367,Hohentengen,48.02555,9.38064
88368,Bergatreute,47.85464,9.75181
88370,Ebenweiler,47.90009,9.50877
88371,Ebersbach-Musbach,47.98773,9.59520
88373,Fleischwangen,47.88272,9.47776
88374,Hoßkirch,47.94402,9.46055
88376,Königseggwald,47.92662,9.42955
88377,Riedhausen,47.91002,9.42961
88379,Guggenhausen,47.90315,9.47203
88400,Biberach an der Riß,48.08972,9.80792
88410,Bad Wurzach,47.91294,9.88603
88416,Steinhausen an der Rottum,48.06822,9.94061
88422,Moosburg,48.06185,9.60795
88427,Bad Schussenried Dunzenhausen,48.00301,9.65103
88430,Rot an der Rot,47.99268,10.00315
88433,Schemmerhofen,48.17185,9.78547
88436,Eberhardzell,47.98829,9.82350
88437,Maselheim,48.13426,9.88382
88441,Mittelbiberach,48.07450,9.75175
88444,Ummendorf,48.06482,9.82838
88447,Warthausen,48.13723,9.77983
88448,Attenweiler,48.13560,9.69881
88450,Berkheim,48.04200,10.08308
88451,Dettingen an der Iller,48.10654,10.11271
88453,Erolzheim,48.08760,10.06247
88454,Hochdorf,48.02600,9.78734
88456,Ingoldingen,48.02566,9.73966
88457,Kirchdorf an der Iller,48.07695,10.12351
88459,Tannheim,47.99938,10.08371
88471,Laupheim,48.22606,9.85547
88477,Schwendi,48.19145,9.96494
88480,Achstetten,48.26292,9.89400
88481,Balzheim,48.17795,10.07712
88483,Burgrieden,48.23829,9.93433
88484,Gutenzell-Hürbel,48.11328,9.99639
88486,Kirchberg an der Iller,48.13189,10.07188
88487,Mietingen,48.18338,9.90347
88489,Wain,48.18696,10.01735
88499,Emeringen,48.14915,9.45981
88512,Mengen,48.04904,9.33800
88515,Langenenslingen,48.14862,9.37785
88518,Herbertingen,48.06044,9.44276
88521,Ertingen,48.09735,9.48043
88524,Uttenweiler,48.14888,9.61458
88525,Dürmentingen,48.11812,9.53176
88527,Unlingen,48.16657,9.52186
88529,Zwiefalten,48.22053,9.44567
88605,Sauldorf,47.97821,9.10128
88630,Pfullendorf,47.93627,9.25059
88631,Beuron,48.07903,9.02710
88633,Heiligenberg,47.85063,9.32272
88634,Herdwangen-Schönach,47.86389,9.17283
88636,Illmensee,47.86169,9.37026
88637,Buchheim,48.01077,8.98567
88639,Wald,47.93638,9.17236
88662,Überlingen,47.76546,9.14500
88677,Markdorf,47.72436,9.40602
88682,Salem,47.77306,9.29717
88690,Uhldingen-Mühlhofen,47.73826,9.23584
88693,Deggenhausertal,47.78257,9.39104
88696,Owingen,47.82365,9.16385
88697,Bermatingen,47.72501,9.33753
88699,Frickingen,47.81405,9.27309
88709,Meersburg,47.67625,9.26538
88718,Daisendorf,47.71082,9.26968
88719,Stetten,47.69012,9.29746
89073,Ulm,48.40235,9.99788
89075,Ulm,48.41701,10.00309
89077,Ulm,48.39204,9.97167
89079,Ulm,48.33884,9.94642
89081,Ulm,48.43659,9.98100
89129,Nerenstetten,48.50606,10.10929
89134,Blaustein,48.41867,9.90798
89143,Blaubeuren,48.40174,9.80133
89150,Laichingen Machtolsheim,48.49286,9.67860
89155,Erbach,48.32580,9.86473
89160,Dornstadt Scharenstetten,48.48446,9.89465
89165,Dietenheim,48.21211,10.07158
89168,Niederstotzingen,48.55151,10.22312
89171,Illerkirchberg,48.32906,10.00085
89173,Lonsee,48.54058,9.92260
89174,Altheim (Alb),48.58170,10.02499
89176,Asselfingen,48.52983,10.19148
89177,Ballendorf,48.55435,10.08003
89179,Beimerstetten,48.48227,9.97782
89180,Berghülen,48.46370,9.76167
89182,Bernstadt,48.49953,10.02390
89183,Holzkirch,48.52035,10.00427
89185,Hüttisheim,48.28353,9.94616
89186,Illerrieden,48.27035,10.05188
89188,Merklingen,48.50854,9.75449
89189,Neenstetten,48.54102,10.02782
89191,Nellingen Aichen,48.54223,9.79346
89192,Rammingen,48.51804,10.17235
89194,Schnürpflingen,48.25858,10.00155
89195,Staig,48.29544,9.98250
89197,Weidenstetten,48.55179,9.99541
89198,Westerstetten,48.52034,9.95710
89231,Neu-Ulm,48.37355,10.01022
89233,Neu-Ulm,48.38870,10.06722
89250,Senden,48.32357,10.06329
89257,Illertissen,48.22379,10.11122
89264,Weißenhorn,48.31680,10.19630
89269,Vöhringen,48.28667,10.08229
89275,Elchingen,48.44735,10.08822
89278,Nersingen,48.42874,10.12244
89281,Altenstadt,48.15990,10.11407
89284,Pfaffenhofen an der Roth,48.36029,10.16035
89287,Bellenberg,48.25794,10.09452
89290,Buch,48.22261,10.17885
89291,Holzheim,48.37994,10.10928
89293,Kellmünz,48.12126,10.12778
89294,Oberroth,48.17394,10.19102
89296,Osterberg,48.14251,10.17833
89297,Roggenburg,48.27833,10.23088
89299,Unterroth,48.20309,10.17451
89312,Günzburg,48.47078,10.27821
89331,Burgau,48.42577,10.38515
89335,Ichenhausen,48.37516,10.27572
89340,Leipheim,48.45799,10.19568
89343,Jettingen-Scheppach,48.39391,10.45788
89344,Aislingen,48.50654,10.45597
89346,Bibertal,48.39167,10.20403
89347,Bubesheim,48.43338,10.25351
89349,Burtenbach,48.33953,10.44824
89350,Dürrlauingen,48.47231,10.42841
89352,Ellzee,48.33807,10.32074
89353,Glött,48.49700,10.48976
89355,Gundremmingen,48.50094,10.40415
89356,Haldenwang,48.43701,10.44830
89358,Kammeltal,48.38128,10.37524
89359,Kötz,48.40713,10.27587
89361,Landensberg,48.43377,10.51832
89362,Offingen,48.48225,10.36479
89364,Rettenbach,48.45850,10.35821
89365,Röfingen,48.42455,10.44482
89367,Waldstetten,48.34914,10.29325
89368,Winterbach,48.46538,10.50405
89407,Dillingen an der Donau,48.56976,10.52348
89415,Lauingen (Donau),48.55715,10.44032
89420,Höchstädt an der Donau,48.60421,10.58885
89423,Gundelfingen an der Donau,48.52262,10.37533
89426,Wittislingen,48.63780,10.44412
89428,Syrgenstein,48.65706,10.28769
89429,Bachhagel,48.63288,10.33110
89431,Bächingen an der Brenz,48.54244,10.32398
89432,Binswangen,51.16569,10.45153
89434,Blindheim,48.64768,10.61181
89435,Finningen,48.64843,10.49395
89437,Haunsheim,48.59905,10.37607
89438,Holzheim,48.50876,10.52680
89440,Lutzingen,48.67433,10.54302
89441,Medlingen,48.57685,10.33336
89443,Schwenningen,48.65500,10.64802
89444,Villenbach,51.16569,10.45153
89446,Ziertheim,48.65275,10.39799
89447,Zöschingen,48.67554,10.30754
89518,Heidenheim an der Brenz,48.68520,10.14535
89520,Heidenheim an der Brenz,48.70670,10.16269
89522,Heidenheim an der Brenz,48.66290,10.16581
89537,Giengen an der Brenz,48.63651,10.23450
89542,Herbrechtingen,48.62140,10.17687
89547,Gerstetten,48.63256,10.05075
89551,Königsbronn,48.72855,10.11122
89555,Steinheim am Albuch,48.69370,10.04658
89558,Böhmenkirch,48.68480,9.93339
89561,Dischingen,48.70357,10.38988
89564,Nattheim,48.69940,10.24193
89567,Sontheim an der Brenz,48.55132,10.28163
89568,Hermaringen,48.59823,10.26619
89584,Lauterach,48.29290,9.66123
89597,Hausen am Bussen,48.22995,9.63331
89601,Schelklingen,48.37352,9.73627
89604,Allmendingen,48.34071,9.69044
89605,Altheim,48.32894,9.76963
89607,Emerkingen,48.21052,9.65534
89608,Griesingen,48.26590,9.78044
89610,Oberdischingen,48.30254,9.83311
89611,Obermarchtal,48.23372,9.56986
89613,Grundsheim,48.18590,9.69246
89614,Öpfingen,48.28561,9.80582
89616,Rottenacker,48.23552,9.68623
89617,Untermarchtal,48.24180,9.61187
89619,Unterstadion,48.20320,9.68860
90402,Nürnberg,49.44910,11.08735
90403,Nürnberg,49.45501,11.07952
90408,Nürnberg,49.46555,11.07691
90409,Nürnberg,49.46602,11.08840
90411,Nürnberg,49.49047,11.09868
90419,Nürnberg,49.46109,11.05648
90425,Nürnberg,49.47597,11.06236
90427,Nürnberg,49.50112,11.04176
90429,Nürnberg,49.45118,11.05256
90431,Nürnberg,49.44595,11.02676
90439,Nürnberg,49.44227,11.04523
90441,Nürnberg,49.42514,11.05582
90443,Nürnberg,49.43937,11.06823
90449,Nürnberg,49.42437,11.00983
90451,Nürnberg,49.40254,11.05027
90453,Nürnberg,49.37572,11.03461
90455,Nürnberg,49.37153,11.07859
90457,Moorenbrunn,51.16569,10.45153
90459,Nürnberg,49.43811,11.08130
90461,Nürnberg,49.42694,11.09043
90469,Nürnberg,49.40599,11.08739
90471,Nürnberg,49.41602,11.12341
90473,Nürnberg,49.40052,11.13911
90475,Nürnberg,49.42131,11.22739
90478,Nürnberg,49.44290,11.10447
90480,Nürnberg,49.44181,11.12342
90482,Nürnberg,49.46772,11.14740
90489,Nürnberg,49.45730,11.09570
90491,Nürnberg,49.46811,11.11697
90513,Zirndorf,49.43487,10.92761
90518,Altdorf,49.38601,11.37642
90522,Oberasbach,49.43252,10.97119
90530,Wendelstein,49.34470,11.16955
90537,Feucht,49.37485,11.22911
90542,Eckental,49.58507,11.23873
90547,Stein bei Nürnberg,49.39890,10.98116
90552,Röthenbach an der Pegnitz,49.48183,11.23897
90556,Cadolzburg,49.45657,10.86168
90559,Burgthann,49.32931,11.32618
90562,Kalchreuth,49.54441,11.12694
90571,Schwaig,49.47188,11.19955
90574,Roßtal,49.39212,10.89066
90579,Langenzenn,49.48627,10.76504
90584,Allersberg,49.23571,11.23420
90587,Veitsbronn,49.51135,10.88933
90592,Schwarzenbruck,49.34005,11.26941
90596,Schwanstetten,49.30075,11.12177
90599,Dietenhofen,49.41172,10.68252
90602,Pyrbaum,49.29238,11.28410
90607,Rückersdorf,49.49766,11.24289
90610,Winkelhaid,49.38820,11.30244
90613,Großhabersdorf,49.40405,10.78822
90614,Ammerndorf,49.42109,10.85291
90616,Neuhof an der Zenn,49.45672,10.64326
90617,Puschendorf,49.52577,10.83079
90619,Trautskirchen,49.46785,10.57600
90762,Fürth,49.47234,10.99309
90763,Fürth,49.45963,10.99148
90765,Fürth,49.50057,10.99402
90766,Fürth,49.48322,10.96008
90768,Fürth,49.49130,10.92936
91052,Erlangen,49.58904,11.01187
91054,Erlangen,49.60241,11.00693
91056,Erlangen,49.59064,10.96828
91058,Erlangen,49.56140,11.00438
91074,Herzogenaurach,49.57824,10.88190
91077,Hetzles,49.61520,11.14153
91080,Marloffstein,49.59730,11.07132
91083,Baiersdorf,49.65936,11.03387
91085,Weisendorf,49.62547,10.81878
91086,Aurachtal,49.57884,10.82108
91088,Bubenreuth,49.62812,11.01620
91090,Effeltrich,49.66007,11.10477
91091,Großenseebach,49.63088,10.87803
91093,Heßdorf,49.65472,10.89132
91094,Langensendelbach,49.64056,11.06630
91096,Möhrendorf,49.63965,11.00366
91097,Oberreichenbach,49.59372,10.77260
91099,Poxdorf,49.66606,11.06959
91126,Kammerstein,49.31777,11.02358
91154,Roth,49.21753,11.10540
91161,Hilpoltstein,49.17398,11.23644
91166,Georgensgmünd,49.19669,11.00288
91171,Greding,49.06272,11.32648
91174,Spalt,49.18439,10.91743
91177,Thalmässing,49.08819,11.22129
91180,Heideck,49.12499,11.10908
91183,Abenberg,49.24156,10.96380
91186,Büchenbach,49.26443,11.05331
91187,Röttenbach,49.15288,11.03198
91189,Rohr,49.34114,10.88888
91207,Lauf an der Pegnitz,49.54021,11.27529
91217,Hersbruck,49.50906,11.43349
91220,Schnaittach,49.56909,11.34851
91224,Pommelsbrunn,49.50467,11.50916
91227,Leinburg,49.45124,11.30654
91230,Happurg,49.49372,11.47191
91233,Neunkirchen am Sand,49.52877,11.34084
91235,Hartenstein,49.60125,11.49192
91236,Alfeld,49.42900,11.54404
91238,Engelthal,49.44536,11.40061
91239,Henfenfeld,49.50028,11.39229
91241,Kirchensittenbach,49.55599,11.42191
91242,Ottensoos,49.50855,11.34014
91244,Reichenschwand,49.51345,11.37211
91245,Simmelsdorf,49.59698,11.33872
91247,Vorra,49.56158,11.47559
91249,Weigendorf,49.49843,11.56953
91257,Pegnitz,49.76280,11.53106
91275,Auerbach in der Oberpfalz,49.69176,11.62871
91278,Pottenstein,49.77341,11.42504
91281,Kirchenthumbach,49.76653,11.69860
91282,Betzenstein,49.68005,11.41761
91284,Neuhaus an der Pegnitz,49.62998,11.56567
91286,Obertrubach,49.69909,11.33966
91287,Plech,49.65175,11.46855
91289,Schnabelwaid,49.81231,11.58316
91301,Forchheim,49.72488,11.07584
91315,Höchstadt an der Aisch,49.72756,10.83115
91320,Ebermannstadt,49.78156,11.17907
91322,Gräfenberg,49.64466,11.24673
91325,Adelsdorf,49.70016,10.90224
91327,Gößweinstein,49.76919,11.33840
91330,Eggolsheim,49.78466,11.09959
91332,Heiligenstadt,49.86451,11.16922
91334,Hemhofen,49.69206,10.93315
91336,Heroldsbach,49.69082,11.00481
91338,Igensdorf,49.62318,11.23144
91341,Röttenbach,49.66824,10.92456
91344,Waischenfeld,49.84774,11.34686
91346,Wiesenttal,49.81165,11.24776
91347,Aufseß,49.88421,11.22641
91349,Egloffstein,49.70690,11.26045
91350,Gremsdorf,49.69595,10.83357
91352,Hallerndorf,49.75969,10.97970
91353,Hausen,49.68934,11.03189
91355,Hiltpoltstein,49.65934,11.32351
91356,Kirchehrenbach,49.73279,11.15430
91358,Kunreuth,49.68235,11.14430
91359,Leutenbach,49.69908,11.18191
91361,Pinzberg,49.69124,11.10271
91362,Pretzfeld,49.75567,11.17421
91364,Unterleinleiter,49.82195,11.18916
91365,Weilersbach,49.74650,11.12638
91367,Weißenohe,49.62566,11.27219
91369,Wiesenthau,49.71416,11.13316
91413,Neustadt an der Aisch,49.58525,10.58672
91438,Bad Windsheim,49.51990,10.40057
91443,Scheinfeld,49.66720,10.46677
91448,Emskirchen,49.55323,10.70966
91452,Wilhermsdorf,49.48198,10.71755
91456,Diespeck,49.59717,10.62502
91459,Markt Erlbach,49.49248,10.64947
91460,Baudenbach,49.63549,10.54491
91462,Dachsbach,49.63805,10.70787
91463,Dietersheim,49.55802,10.54012
91465,Ergersheim,49.51074,10.32796
91466,Gerhardshofen,49.62971,10.69454
91468,Gutenstetten,49.62267,10.62795
91469,Hagenbüchach,49.53282,10.76268
91471,Illesheim,49.47536,10.38488
91472,Ipsheim,49.52646,10.48276
91474,Langenfeld,49.61018,10.51174
91475,Lonnerstadt,49.69945,10.74546
91477,Markt Bibart,49.65856,10.40503
91478,Markt Nordheim,49.56004,10.34751
91480,Markt Taschendorf,49.70064,10.55680
91481,Münchsteinach,49.66737,10.59078
91483,Oberscheinfeld,49.70407,10.41522
91484,Sugenheim,49.60228,10.43604
91486,Uehlfeld,49.67199,10.71839
91487,Vestenbergsgreuth,49.68878,10.65186
91489,Wilhelmsdorf,49.57627,10.73879
91522,Ansbach,49.29993,10.55958
91541,Rothenburg ob der Tauber,49.37949,10.18590
91550,Dinkelsbühl,49.07652,10.31665
91555,Feuchtwangen,49.16668,10.33659
91560,Heilsbronn,49.34006,10.78961
91564,Neuendettelsau,49.29800,10.80029
91567,Herrieden,49.23521,10.49501
91572,Bechhofen,49.17639,10.56643
91575,Windsbach,49.25353,10.83685
91578,Leutershausen,49.28554,10.38052
91580,Petersaurach,49.30920,10.74743
91583,Diebach,49.28723,10.26237
91586,Lichtenau,49.27680,10.68520
91587,Adelshofen,49.43895,10.15665
91589,Aurach,49.24647,10.41540
91590,Bruckberg,49.35810,10.69802
91592,Buch am Wald,49.32112,10.32699
91593,Burgbernheim,49.45139,10.32405
91595,Burgoberbach,49.23696,10.59232
91596,Burk,49.13334,10.47892
91598,Colmberg,49.35676,10.40870
91599,Dentlein am Forst,49.14791,10.42377
91601,Dombühl,49.25724,10.29682
91602,Dürrwangen,49.10856,10.38627
91604,Flachslanden,49.39956,10.51266
91605,Gallmersgarten,49.45827,10.27741
91607,Gebsattel,49.35436,10.20278
91608,Geslau,49.36316,10.31579
91610,Insingen,49.31070,10.15677
91611,Lehrberg,49.34672,10.49685
91613,Marktbergel,49.44059,10.36268
91614,Mönchsroth,49.01954,10.35907
91616,Neusitz,49.37565,10.23365
91617,Oberdachstetten,49.41549,10.42121
91619,Obernzenn,49.44980,10.46620
91620,Ohrenbach,49.47416,10.22289
91622,Rügland,49.40103,10.59441
91623,Sachsen,49.28859,10.66132
91625,Schnelldorf,49.19833,10.17803
91626,Schopfloch,49.12041,10.30545
91628,Steinsfeld,49.41979,10.21553
91629,Weihenzell,49.35558,10.62817
91631,Wettringen,49.25880,10.16452
91632,Wieseth,49.16308,10.48386
91634,Wilburgstetten,49.02806,10.39197
91635,Windelsbach,49.39914,10.29810
91637,Wörnitz,49.24317,10.22521
91639,Wolframs-Eschenbach,49.22685,10.73936
91710,Gunzenhausen,49.12008,10.73189
91717,Wassertrüdingen,49.04835,10.62459
91719,Heidenheim,48.99693,10.73805
91720,Absberg,49.14489,10.87160
91722,Arberg,49.14460,10.61725
91723,Dittenheim,49.05523,10.79253
91725,Ehingen,49.09733,10.53667
91726,Gerolfingen,49.05350,10.51358
91728,Gnotzheim,49.05939,10.71360
91729,Haundorf,49.15471,10.79868
91731,Langfurth,49.09975,10.45230
91732,Merkendorf,49.20344,10.70168
91734,Mitteleschenbach,49.21150,10.79726
91735,Muhr am See,49.15541,10.71125
91737,Ornbau,49.17683,10.65683
91738,Pfofeld,49.10421,10.83563
91740,Röckingen,49.04996,10.55209
91741,Theilenhofen,49.08310,10.85257
91743,Unterschwaningen,49.09454,10.62213
91744,Weiltingen,49.02308,10.45578
91746,Weidenbach,49.20682,10.62467
91747,Westheim,49.00414,10.66099
91749,Wittelshofen,49.05992,10.47962
91757,Treuchtlingen,48.95160,10.89370
91781,Weißenburg in Bayern,49.02723,10.97104
91785,Pleinfeld,49.11528,10.99777
91788,Pappenheim,48.94175,10.99657
91790,Nennslingen,49.04592,11.12949
91792,Ellingen,49.06098,10.97188
91793,Alesheim,49.04631,10.86375
91795,Dollnstein,48.87262,11.07420
91796,Ettenstatt,49.07394,11.05529
91798,Höttingen,49.06172,11.00297
91799,Langenaltheim,48.89397,10.92932
91801,Markt Berolzheim,49.00759,10.84569
91802,Meinheim,49.02595,10.80916
91804,Mörnsheim,48.84719,11.02611
91805,Polsingen,48.93786,10.71545
91807,Solnhofen,48.89720,10.99694
91809,Wellheim,48.81765,11.08342
92224,Amberg,49.44217,11.83777
92237,Sulzbach-Rosenberg,49.51505,11.73098
92242,Hirschau,49.55526,11.94115
92245,Kümmersbruck,49.41995,11.88751
92249,Vilseck,49.61132,11.79917
92253,Schnaittenbach,49.54415,12.04707
92256,Hahnbach,49.52669,11.81852
92259,Neukirchen bei Sulzbach-Rosenberg,49.54294,11.66013
92260,Ammerthal,49.44064,11.76253
92262,Birgland,49.43733,11.61688
92263,Ebermannsdorf,49.39363,11.93485
92265,Edelsfeld,49.57863,11.69394
92266,Ensdorf,49.34114,11.93749
92268,Etzelwang,49.52782,11.58582
92269,Fensterbach,49.40742,12.02260
92271,Freihung,49.62015,11.91357
92272,Freudenberg,49.48009,11.97949
92274,Gebenbach,49.54662,11.87528
92275,Hirschbach,49.56650,11.58059
92277,Hohenburg,49.31836,11.84017
92278,Illschwang,49.44876,11.68513
92280,Kastl,49.36661,11.68548
92281,Königstein,49.60506,11.65857
92283,Lauterhofen,49.36892,11.60585
92284,Poppenricht,49.48015,11.81947
92286,Rieden,49.30742,11.94526
92287,Schmidmühlen,49.26882,11.92275
92289,Ursensollen,49.40082,11.75674
92318,Neumarkt in der Oberpfalz,49.27420,11.46680
92331,Lupburg,49.15510,11.73031
92334,Berching,49.10285,11.43730
92339,Beilngries,49.00530,11.49190
92342,Freystadt,49.18342,11.34838
92345,Dietfurt an der Altmühl,49.03670,11.58594
92348,Berg bei Neumarkt in der Oberpfalz,49.34984,11.42975
92353,Postbauer-Heng,49.29021,11.35785
92355,Velburg,49.23116,11.67026
92358,Seubersdorf in der Oberpfalz,49.16577,11.62594
92360,Mühlhausen,49.17564,11.42645
92361,Berngau,49.24257,11.37241
92363,Breitenbrunn,49.09297,11.63640
92364,Deining,49.21572,11.53790
92366,Hohenfels,49.22295,11.86813
92367,Pilsach,49.32814,11.54348
92369,Sengenthal,49.21932,11.45110
92421,Schwandorf,49.32450,12.07634
92431,Neunburg vorm Wald,49.34402,12.37489
92436,Bruck in der Oberpfalz,49.25146,12.27870
92439,Bodenwöhr,49.30200,12.28716
92442,Wackersdorf,49.30206,12.19059
92444,Rötz,49.34634,12.54239
92445,Neukirchen-Balbini,49.29085,12.43692
92447,Schwarzhofen,49.38908,12.33945
92449,Steinberg,49.26830,12.16900
92507,Nabburg,49.44836,12.17160
92521,Schwarzenfeld,49.38815,12.13510
92526,Oberviechtach,49.45920,12.45397
92533,Wernberg-Köblitz,49.55268,12.16170
92536,Pfreimd,49.49400,12.18186
92539,Schönsee,49.51248,12.53362
92540,Altendorf,49.42012,12.29079
92542,Dieterskirchen,49.40723,12.40993
92543,Guteneck,49.45673,12.28614
92545,Niedermurach,49.44394,12.35682
92546,Schmidgaden,49.42377,12.09156
92548,Schwarzach bei Nabburg,49.41073,12.22484
92549,Stadlern,49.50787,12.62233
92551,Stulln,49.42582,12.14103
92552,Teunz,49.50727,12.39190
92554,Thanstein,49.39162,12.45851
92555,Trausnitz,49.52724,12.25471
92557,Weiding,49.48274,12.56906
92559,Winklarn,49.42703,12.48231
92637,Theisseil,49.67435,12.14895
92648,Vohenstrauß,49.61746,12.32934
92655,Grafenwöhr,49.68480,11.78877
92660,Neustadt an der Waldnaab,49.73215,12.17750
92665,Kirchendemenreuth,49.71446,12.15606
92670,Windischeschenbach,49.80155,12.15895
92676,Speinshart,49.76419,11.82242
92681,Erbendorf,49.83551,12.03399
92685,Floß,49.72676,12.27796
92690,Pressath,49.75890,11.97306
92693,Eslarn,49.58212,12.51937
92694,Etzenricht,49.62608,12.10339
92696,Flossenbürg,49.73901,12.35529
92697,Georgenberg,49.71344,12.39994
92699,Irchenrieth,49.64586,12.20942
92700,"Kaltenbrunn, Oberpfalz",49.65976,11.93052
92702,Kohlberg,49.60905,12.01966
92703,Krummennaab,49.83191,12.09969
92705,Leuchtenberg,49.59763,12.25892
92706,Luhe-Wildenau,49.58444,12.14866
92708,Mantel,49.65428,12.03225
92709,Moosbach,49.56644,12.41826
92711,Parkstein,49.72865,12.06816
92712,Pirk,49.63552,12.16480
92714,Pleystein,49.64751,12.40817
92715,Püchersreuth,49.77036,12.20821
92717,Reuth bei Erbendorf,49.84234,12.12230
92718,Schirmitz,49.65012,12.16950
92720,Schwarzenbach,49.72382,11.99944
92721,Störnstein,49.73094,12.19988
92723,Gleiritsch,49.53561,12.32097
92724,Trabitz,49.78281,11.89288
92726,Waidhaus,49.64171,12.49620
92727,Waldthurn,49.67256,12.33140
92729,Weiherhammer,49.63169,12.05026
93047,Regensburg,49.01686,12.09741
93049,Regensburg,49.02311,12.06258
93051,Regensburg,49.00077,12.08021
93053,Regensburg,48.98822,12.10206
93055,Regensburg,48.99664,12.16715
93057,Regensburg,49.04186,12.11704
93059,Regensburg,49.02875,12.10597
93073,Neutraubling,48.98687,12.21070
93077,Bad Abbach,48.92673,12.05506
93080,Pentling,48.96164,12.06331
93083,Obertraubling,48.96641,12.16552
93086,Wörth an der Donau,48.99886,12.40629
93087,Alteglofsheim,48.92080,12.20444
93089,Aufhausen,48.87659,12.28526
93090,Bach an der Donau,49.02269,12.30333
93092,Barbing,49.00324,12.19752
93093,Donaustauf,49.03244,12.20737
93095,Hagelstadt,48.89504,12.21793
93096,Köfering,48.93800,12.18937
93098,Mintraching,48.95363,12.24180
93099,Mötzing,48.91205,12.42311
93101,Pfakofen,48.85834,12.22788
93102,Pfatter,48.96356,12.38353
93104,Sünching,48.87930,12.35183
93105,Tegernheim,49.03159,12.17554
93107,Thalmassing,48.89613,12.15070
93109,Wiesent,49.03427,12.34108
93128,Regenstauf,49.15055,12.16573
93133,Burglengenfeld,49.24012,11.99873
93138,Lappersdorf,49.06927,12.06202
93142,Maxhütte-Haidhof,49.18696,12.11296
93149,Nittenau,49.21502,12.23514
93152,Nittendorf,49.02490,11.95465
93155,Hemau,49.04038,11.75011
93158,Teublitz,49.22067,12.08488
93161,Sinzing,48.99086,12.03507
93164,Laaber,49.06612,11.89174
93167,Falkenstein,49.10527,12.48953
93170,Bernhardswald,49.09319,12.25534
93173,Wenzenbach,49.07494,12.20130
93176,Beratzhausen,49.10504,11.81815
93177,Altenthann,49.09218,12.30456
93179,Brennberg,49.07473,12.39333
93180,Deuerling,49.03431,11.90661
93182,Duggendorf,49.11140,11.93227
93183,Holzheim am Forst,49.13913,11.98275
93185,Michelsneukirchen,49.11906,12.55089
93186,Pettendorf,49.04959,12.00577
93188,Pielenhofen,49.07468,11.96196
93189,Reichenbach,49.17703,12.34923
93191,Rettenbach,49.06928,12.45577
93192,Wald,49.14731,12.34858
93194,Walderbach,49.18646,12.38076
93195,Wolfsegg,49.10136,12.00070
93197,Zeitlarn,49.07738,12.10979
93199,Zell,49.15305,12.42816
93309,Kelheim,48.90669,11.85643
93326,Abensberg,48.82580,11.84923
93333,Neustadt an der Donau,48.79477,11.75516
93336,Altmannstein,48.89695,11.65283
93339,Riedenburg,48.95348,11.70014
93342,Saal an der Donau,48.90061,11.92672
93343,Essing,48.93524,11.78864
93345,Hausen,48.85811,12.00594
93346,Ihrlerstein,48.93456,11.86678
93348,Kirchdorf,48.77097,11.90372
93349,Mindelstetten,48.85122,11.64403
93351,Painten,48.98753,11.81606
93352,Rohr in Niederbayern,48.76821,11.96905
93354,Biburg,48.75370,11.84857
93356,Teugn,48.89038,12.01223
93358,Train,48.73107,11.82940
93359,Wildenberg,48.72922,11.89756
93413,Cham,49.20818,12.67423
93426,Roding,49.19483,12.51587
93437,Furth im Wald,49.31390,12.83391
93444,Kötzting,49.17678,12.85175
93449,Waldmünchen,49.37832,12.70581
93453,Neukirchen beim Heiligen Blut,49.25367,13.00143
93455,Traitsching,49.12697,12.66503
93458,Eschlkam,49.29932,12.91507
93462,Lam,49.19715,13.05087
93464,Tiefenbach,49.44464,12.58672
93466,Chamerau,49.19615,12.74764
93468,Miltach,49.16226,12.76901
93470,Lohberg,49.17577,13.10499
93471,Arnbruck,49.13036,12.99965
93473,Arnschwang,49.27470,12.81586
93474,Arrach,49.19762,12.99621
93476,Blaibach,49.16673,12.81489
93477,Gleißenberg,49.32847,12.74996
93479,Grafenwiesen,49.20211,12.88268
93480,Hohenwarth,49.20277,12.93565
93482,Pemfling,49.27870,12.59519
93483,Pösing,49.23676,12.55548
93485,Rimbach,49.23072,12.88613
93486,Runding,49.21892,12.76242
93488,Schönthal,49.36014,12.60423
93489,Schorndorf,49.16115,12.59318
93491,Stamsried,49.26491,12.53350
93492,Treffelstein,49.41492,12.62207
93494,Waffenbrunn,49.28535,12.67460
93495,Weiding,49.28361,12.73640
93497,Willmering,49.24568,12.67015
93499,Zandt,49.14627,12.72228
94032,Passau,48.57185,13.46073
94034,Passau,48.58830,13.48330
94036,Passau,48.57909,13.38328
94051,Hauzenberg,48.65461,13.64832
94060,Pocking,48.39861,13.31761
94065,Waldkirchen,48.72913,13.60091
94072,Bad Füssing,48.33789,13.31606
94078,Freyung,48.83937,13.55757
94081,Fürstenzell,48.52025,13.32069
94086,Bad Griesbach im Rottal,48.45230,13.20603
94089,Neureichenau,48.74913,13.74762
94094,Rotthalmünster,48.35948,13.20252
94099,Ruhstorf an der Rott,48.48476,13.27630
94104,Tittling,48.72589,13.38014
94107,Untergriesbach,48.57512,13.66819
94110,Wegscheid,48.60059,13.78590
94113,Tiefenbach,48.62393,13.39879
94116,Hutthurm,48.67181,13.47173
94118,Jandelsbrunn,48.72056,13.69459
94121,Salzweg,48.61535,13.48234
94124,Büchlberg,48.66798,13.51076
94127,Neuburg am Inn,48.51078,13.44179
94130,Obernzell,48.55495,13.64252
94133,Röhrnbach,48.74006,13.52319
94136,Thyrnau,48.61503,13.53705
94137,Bayerbach,48.41059,13.14366
94139,Breitenberg,48.70370,13.79406
94140,Ering,48.30018,13.14731
94142,Fürsteneck,48.73360,13.45762
94143,Grainet,48.79674,13.65340
94145,Haidmühle,48.82552,13.77677
94146,Hinterschmiding,48.82329,13.60131
94148,Kirchham,48.34656,13.26742
94149,Kößlarn,48.37126,13.12284
94151,Mauth,48.88935,13.58423
94152,Neuhaus am Inn,48.46123,13.42036
94154,Neukirchen vorm Wald,48.68647,13.38271
94155,Otterskirchen,51.16569,10.45153
94157,Perlesreut,48.77928,13.44120
94158,Philippsreut,48.86476,13.67649
94160,Ringelai,48.81278,13.47157
94161,Ruderting,48.65316,13.40932
94163,Saldenburg,48.77364,13.35585
94164,Sonnen,48.68476,13.72343
94166,Stubenberg,48.32100,13.06917
94167,Tettenweis,48.44281,13.27133
94169,Thurmansbang,48.76654,13.31536
94209,Regen,48.96147,13.12903
94227,Lindberg,49.01769,13.23782
94234,Viechtach,49.07942,12.88336
94239,Gotteszell,48.96536,13.00601
94244,Geiersthal,49.03243,13.00262
94249,Bodenmais,49.07015,13.10204
94250,Achslach,48.97734,12.90082
94252,Bayerisch Eisenstein,49.12161,13.19925
94253,Bischofsmais,48.91805,13.08167
94255,Böbrach,49.04738,13.05129
94256,Drachselsried,49.10741,13.01279
94258,Frauenau,48.98966,13.30095
94259,Kirchberg im Wald,48.89810,13.18219
94261,Kirchdorf im Wald,48.91166,13.26751
94262,Kollnburg,49.03054,12.88388
94264,Langdorf,49.01193,13.14783
94265,Patersdorf,49.00470,12.97583
94267,Prackenbach,49.10927,12.82316
94269,Rinchnach,48.95225,13.20276
94315,Straubing,48.87033,12.57652
94327,Bogen,48.92006,12.68142
94330,Salching,48.84507,12.61997
94333,Geiselhöring,48.82906,12.39391
94336,Windberg,48.95611,12.72537
94339,Leiblfing,48.77301,12.53279
94342,Irlbach,48.83343,12.72447
94344,Wiesenfelden,49.03795,12.54200
94345,Aholfing,48.93760,12.47642
94347,Ascha,48.99752,12.63744
94348,Atting,48.89411,12.48834
94350,Falkenfels,49.01679,12.59444
94351,Feldkirchen,48.83011,12.52421
94353,Haibach,49.02379,12.71523
94354,Haselbach,48.99683,12.68187
94356,Kirchroth,48.95445,12.53944
94357,Konzell,49.07639,12.70426
94359,Loitzendorf,49.08520,12.65446
94360,Mitterfels,48.97592,12.68039
94362,Neukirchen,48.97527,12.75564
94363,Oberschneiding,48.79323,12.64336
94365,Parkstetten,48.91708,12.59611
94366,Perasdorf,48.95141,12.81287
94368,Perkam,48.86935,12.44598
94369,Rain,48.90418,12.45466
94371,Rattenberg,49.08526,12.75315
94372,Rattiszell,49.03341,12.62951
94374,Schwarzach,48.92750,12.84327
94375,Stallwang,49.05090,12.65529
94377,Steinach,48.95389,12.60733
94379,Sankt Englmar,49.00871,12.80464
94405,Landau an der Isar,48.64168,12.70567
94419,Reisbach,48.55883,12.62725
94424,Arnstorf,48.55786,12.81756
94428,Eichendorf,48.63175,12.85360
94431,Pilsting,48.69969,12.65109
94436,Simbach,48.56662,12.73972
94437,Mamming,48.64211,12.61037
94439,Roßbach,48.59947,12.94091
94447,Plattling,48.79040,12.92471
94469,Deggendorf,48.84568,12.97793
94474,Vilshofen,48.61878,13.17481
94481,Grafenau,48.84690,13.40802
94486,Osterhofen,48.68972,13.00176
94491,Hengersberg,48.77351,13.05130
94496,Ortenburg,48.55174,13.22564
94501,Aidenbach,48.56985,13.06939
94505,Bernried,48.91822,12.88327
94508,Schöllnach,48.75389,13.17724
94513,Schönberg,48.83976,13.33934
94518,Spiegelau,48.91418,13.35682
94522,Wallersdorf,48.72751,12.75845
94526,Metten,48.85624,12.91309
94527,Aholming,48.73508,12.91187
94529,Aicha vorm Wald,48.67236,13.28923
94530,Auerbach,48.80348,13.10028
94532,Außernzell,48.72395,13.20272
94533,Buchhofen,48.70276,12.93225
94535,Eging am See,48.70684,13.25097
94536,Eppenschlag,48.88936,13.29955
94538,Fürstenstein,48.71648,13.32953
94539,Grafling,48.89436,12.97519
94541,Grattersdorf,48.80516,13.15237
94542,Haarbach,48.50209,13.14861
94544,Hofkirchen,48.67711,13.12078
94545,Hohenau,48.84980,13.48897
94547,Iggensbach,48.73024,13.14271
94548,Innernzell,48.85144,13.27628
94550,Künzing,48.66591,13.07575
94551,Hunding,48.84216,13.17659
94553,Mariaposching,48.84159,12.80205
94554,Moos,48.75168,12.96218
94556,Neuschönau,48.88410,13.47541
94557,Niederalteich,48.76644,13.02635
94559,Niederwinkling,48.87206,12.79025
94560,Offenberg,48.86201,12.89069
94562,Oberpöring,48.70342,12.83650
94563,Otzing,48.76047,12.80878
94566,Sankt Oswald-Riedlhütte,48.90567,13.38756
94568,Sankt Oswald-Riedlhütte,48.89124,13.42844
94569,Stephansposching,48.81664,12.80241
94571,Schaufling,48.84378,13.06848
94572,Schöfweg,48.83890,13.23007
94574,Wallerfing,48.68408,12.88011
94575,Windorf,48.62548,13.22326
94577,Winzer,48.72361,13.07635
94579,Zenting,48.79296,13.25731
95028,Hof,50.32523,11.93606
95030,Hof,50.31651,11.86872
95032,Hof,50.29399,11.90505
95100,Selb,50.15976,12.11870
95111,Rehau,50.24822,12.07246
95119,Naila,50.33019,11.68415
95126,Schwarzenbach an der Saale,50.20233,11.91149
95131,Schwarzenbach am Wald,50.28388,11.62287
95138,Bad Steben,50.35573,11.63856
95145,Oberkotzau,50.25805,11.92836
95152,Selbitz,50.31592,11.74865
95158,Kirchenlamitz,50.15676,11.94823
95163,Weißenstadt,50.09964,11.89561
95168,Marktleuthen,50.12844,12.00525
95173,Schönwald,50.20037,12.08815
95176,Konradsreuth,50.26884,11.84610
95179,Geroldsgrün,50.33630,11.59538
95180,Berg,50.37485,11.77909
95182,Döhlau,50.28526,11.96832
95183,Töpen,50.36194,11.93470
95185,Gattendorf,50.31959,11.99022
95186,Höchstädt im Fichtelgebirge,50.09957,12.08812
95188,Issigau,50.37713,11.72019
95189,Köditz,50.33199,11.84850
95191,Leupoldsgrün,50.29167,11.79827
95192,Lichtenberg,50.38238,11.67493
95194,Regnitzlosau,50.30270,12.04682
95195,Röslau,50.08556,11.98086
95197,Schauenstein,50.28183,11.74822
95199,Thierstein,50.11700,12.10358
95213,Münchberg,50.19622,11.76823
95233,Helmbrechts,50.24726,11.67740
95234,Sparneck,50.16257,11.84314
95236,Stammbach,50.14502,11.68999
95237,Weißdorf,50.18792,11.84903
95239,Zell,50.13401,11.82004
95326,Kulmbach,50.12598,11.43114
95336,Mainleus,50.11127,11.36942
95339,Wirsberg,50.09408,11.58377
95346,Stadtsteinach,50.16398,11.50576
95349,Thurnau,50.02525,11.39304
95352,Marktleugast,50.17285,11.63917
95355,Presseck,50.22833,11.55570
95356,Grafengehaig,50.20696,11.61141
95358,Guttenberg,50.15826,11.57710
95359,Kasendorf,50.03710,11.35308
95361,Ködnitz,50.09795,11.50320
95362,Kupferberg,50.14407,11.58866
95364,Ludwigschorgast,50.12615,11.55958
95365,Rugendorf,50.20175,11.45534
95367,Trebgast,50.06586,11.55203
95369,Untersteinach,50.13277,11.52586
95444,Bayreuth,49.94256,11.57445
95445,Bayreuth,49.95172,11.56089
95447,Bayreuth,49.92046,11.56180
95448,Bayreuth,49.93636,11.61009
95460,Bad Berneck im Fichtelgebirge,50.04335,11.66531
95463,Bindlach,50.00457,11.60375
95466,Weidenberg,49.94126,11.72274
95469,Speichersdorf,49.86049,11.79377
95473,Prebitz,49.84446,11.62467
95478,Kemnath,49.86657,11.93569
95482,Gefrees,50.09625,11.72597
95485,Warmensteinach,49.99466,11.77821
95488,Eckersdorf,49.94078,11.41071
95490,Mistelgau,49.90388,11.41636
95491,Ahorntal,49.83579,11.42301
95493,Bischofsgrün,50.05241,11.79701
95494,Gesees,49.89872,11.53767
95496,Glashütten,49.88777,11.44781
95497,Goldkronach,50.01092,11.74587
95499,Harsdorf,50.02778,11.56901
95500,Heinersreuth,49.97271,11.50708
95502,Himmelkron,50.05868,11.60701
95503,Hummeltal,49.89493,11.50617
95505,Immenreuth,49.93736,11.85430
95506,Kastl,49.82956,11.89760
95508,Kulmain,49.89629,11.89701
95509,Marktschorgast,50.09528,11.65503
95511,Mistelbach,49.91451,11.51771
95512,Neudrossenfeld,50.01532,11.49689
95514,Neustadt am Kulm,49.83083,11.82987
95515,Plankenfels,49.89052,11.34177
95517,Emtmannsberg,49.88703,11.68675
95519,Vorbach,49.80357,11.74191
95615,Marktredwitz,50.01451,12.11170
95632,Wunsiedel,50.04292,12.03972
95643,Tirschenreuth,49.87796,12.31874
95652,Waldsassen,50.00284,12.30554
95659,Arzberg,50.05777,12.18936
95666,Mitterteich,49.93482,12.27359
95671,Bärnau,49.80966,12.43777
95676,Wiesau,49.90367,12.17561
95679,Waldershof,49.98029,12.06450
95680,Bad Alexandersbad,50.01019,12.02906
95682,Brand,49.95926,11.90833
95683,Ebnath,49.94465,11.93427
95685,Falkenberg,49.85824,12.21178
95686,Fichtelberg,49.99939,11.85107
95688,Friedenfels,49.88522,12.10449
95689,Fuchsmühl,49.92355,12.13522
95691,Hohenberg an der Eger,50.10702,12.17326
95692,Konnersreuth,50.01127,12.22889
95694,Mehlmeisel,49.98287,11.86672
95695,Mähring,49.90017,12.49761
95697,Nagel,49.98335,11.93807
95698,Neualbenreuth,49.96005,12.42570
95700,Neusorg,49.94047,11.97444
95701,Pechbrunn,51.16569,10.45153
95703,Plößberg,49.78342,12.30869
95704,Pullenreuth,49.93011,11.99929
95706,Schirnding,50.07810,12.22847
95707,Thiersheim,50.07587,12.12579
95709,Tröstau,50.02853,11.92826
96047,Bamberg,49.89184,10.89261
96049,Bamberg,49.87291,10.88086
96050,Bamberg,49.87914,10.92440
96052,Bamberg,49.91289,10.89647
96103,Hallstadt,49.92540,10.87393
96106,Ebern,50.08995,10.72488
96110,Scheßlitz,49.96842,11.02135
96114,Hirschaid,49.81168,10.98011
96117,Memmelsdorf,49.93060,10.95767
96120,Bischberg,49.90916,10.82977
96123,Litzendorf,49.91223,11.00929
96126,Maroldsweisach,50.19782,10.68377
96129,Strullendorf,49.86032,11.01299
96132,Schlüsselfeld,49.76715,10.62868
96135,Stegaurach,49.85543,10.84668
96138,Burgebrach,49.82851,10.74748
96142,Hollfeld,49.93134,11.29617
96145,Seßlach,50.19060,10.84322
96146,Altendorf,49.79917,11.00257
96148,Baunach,49.99483,10.85294
96149,Breitengüßbach,49.97417,10.90670
96151,Breitbrunn,50.02167,10.73293
96152,Burghaslach,49.73446,10.53487
96154,Burgwindheim,49.82734,10.59814
96155,Buttenheim,49.82402,11.06723
96157,Ebrach,49.84809,10.49486
96158,Frensdorf,49.81579,10.86604
96160,Geiselwind,49.76162,10.46378
96161,Gerach,50.03394,10.79601
96163,Gundelsheim,49.93833,10.92000
96164,Kemmern,49.95340,10.87520
96166,Kirchlauter,50.04542,10.70090
96167,Königsfeld,49.94433,11.16334
96169,Lauter,49.97664,10.77042
96170,Priesendorf,49.89780,10.72635
96172,Mühlhausen,49.75516,10.77674
96173,Oberhaid,49.93726,10.80315
96175,Pettstadt,49.83793,10.92196
96176,Pfarrweisach,50.14627,10.73819
96178,Pommersfelden,49.76994,10.82032
96179,Rattelsdorf,50.01466,10.89016
96181,Rauhenebrach,49.89020,10.54868
96182,Reckendorf,50.01985,10.82600
96184,Rentweinsdorf,50.06490,10.79879
96185,Schönbrunn,49.85854,10.68963
96187,Stadelhofen,50.00278,11.19790
96188,Stettfeld,49.97033,10.72688
96190,Untermerzbach,50.12712,10.85573
96191,Viereth-Trunstadt,49.92659,10.75110
96193,Wachenroth,49.75984,10.70746
96194,Walsdorf,49.87235,10.78278
96196,Wattendorf,50.02512,11.13355
96197,Wonsees,49.97657,11.29897
96199,Zapfendorf,50.01736,10.93458
96215,Lichtenfels,50.17390,11.04751
96224,Burgkunstadt,50.13921,11.29734
96231,Bad Staffelstein,50.10241,11.03301
96237,Ebersdorf,50.22353,11.06241
96242,Sonnefeld,50.22194,11.13289
96247,Michelau in Oberfranken,50.17750,11.11829
96250,Ebensfeld,50.06741,10.96395
96253,Untersiemau,50.19726,10.96671
96257,Marktgraitz,50.18411,11.21122
96260,Weismain,50.08633,11.24197
96264,Altenkunstadt,50.12804,11.23956
96268,Mitwitz,50.25055,11.20819
96269,Großheirath,50.17600,10.95103
96271,Grub am Forst,50.22773,11.02220
96272,Hochstadt am Main,50.13658,11.16434
96274,Itzgrund,50.15777,10.88897
96275,Marktzeuln,50.16878,11.16718
96277,Schneckenlohe,50.20896,11.19690
96279,Weidhausen bei Coburg,50.20333,11.14149
96317,Kronach,50.24210,11.31131
96328,Küps,50.18851,11.27872
96332,Pressig,50.35261,11.31037
96337,Ludwigsstadt,50.48601,11.38292
96342,Stockheim,50.30677,11.28164
96346,Wallenfels,50.26838,11.47170
96349,Steinwiesen,50.31175,11.45170
96352,Wilhelmsthal,50.31105,11.37362
96355,Tettau,50.44933,11.27662
96358,Reichenbach,50.39834,11.38123
96361,Steinbach am Wald,50.44083,11.37897
96364,Marktrodach,50.25174,11.39248
96365,Nordhalben,50.36362,11.50822
96367,Tschirn,50.39480,11.45788
96369,Weißenbrunn,50.20046,11.34643
96450,Coburg,50.25570,10.95508
96465,Neustadt bei Coburg,50.30318,11.11290
96472,Rödental,50.31092,11.03247
96476,Bad Rodach,50.33375,10.79148
96479,Weitramsdorf,50.24319,10.86704
96482,Ahorn,50.23727,10.95409
96484,Meeder,50.32367,10.89853
96486,Lautertal,50.34312,10.96870
96487,Dörfles-Esbach,50.28550,10.99807
96489,Niederfüllbach,50.21890,10.98564
96515,Sonneberg,50.36968,11.18142
96523,Steinach,50.44146,11.19634
96524,Neuhaus-Schierschnitz,50.31548,11.20149
96528,Bachfeld,50.39618,11.00550
97070,Würzburg,49.79576,9.93336
97072,Würzburg,49.78378,9.93750
97074,Würzburg,49.78014,9.96473
97076,Würzburg,49.80906,9.98850
97078,Würzburg,49.81801,9.96379
97080,Würzburg,49.81583,9.91026
97082,Würzburg,49.76460,9.90553
97084,Würzburg,49.74008,9.95047
97199,Ochsenfurt,49.65433,10.04718
97204,Höchberg,49.78467,9.88135
97209,Veitshöchheim,49.83812,9.89129
97215,Weigenheim,49.53622,10.21878
97218,Gerbrunn,49.78105,9.98619
97222,Rimpar,49.85245,9.95967
97225,Zellingen,49.90170,9.81289
97228,Rottendorf,49.79450,10.03709
97230,Estenfeld,49.82719,10.00632
97232,Giebelstadt,49.65347,9.94518
97234,Reichenberg,49.70786,9.90554
97236,Randersacker,49.75808,9.98117
97237,Altertheim,49.72673,9.74502
97239,Aub,49.54668,10.04199
97241,Bergtheim,49.89918,10.08150
97243,Bieberehren,49.51506,10.00844
97244,Bütthard,49.59864,9.87991
97246,Eibelstadt,49.72553,10.00149
97247,Eisenheim,49.88368,10.15759
97249,Eisingen,49.75912,9.83467
97250,Erlabrunn,49.85541,9.84030
97252,Frickenhausen am Main,49.67173,10.09465
97253,Gaukönigshofen,49.63325,10.00223
97255,Sonderhofen,49.57444,10.01855
97256,Geroldshausen,49.68545,9.90196
97258,Ippesheim,49.58530,10.12947
97259,Greußenheim,49.82361,9.75872
97261,Güntersleben,49.87826,9.90550
97262,Hausen bei Würzburg,49.92942,10.03160
97264,Helmstadt,49.76071,9.70728
97265,Hettstadt,49.80359,9.81202
97267,Himmelstadt,49.91954,9.78554
97268,Kirchheim,49.65668,9.85642
97270,Kist,49.74013,9.82992
97271,Kleinrinderfeld,49.70054,9.84466
97273,Kürnach,49.84644,10.04027
97274,Leinach,49.86154,9.79881
97276,Margetshöchheim,49.83515,9.86401
97277,Neubrunn,49.72327,9.66375
97279,Prosselsheim,49.86006,10.11463
97280,Remlingen,49.80470,9.69632
97282,Retzstadt,49.91105,9.88289
97283,Riedenheim,49.55899,9.95963
97285,Röttingen,49.51684,9.97130
97286,Winterhausen,49.70708,10.01301
97288,Theilheim,49.75404,10.03082
97289,Thüngen,49.94072,9.85748
97291,Thüngersheim,49.87270,9.84974
97292,Holzkirchen,49.79530,9.72725
97294,Unterpleichfeld,49.86802,10.04482
97295,Waldbrunn,49.75916,9.80001
97297,Waldbüttelbrunn,49.78707,9.83858
97299,Zell am Main,49.81526,9.86740
97318,Biebelried,49.74513,10.18752
97320,Großlangheim,49.77203,10.15207
97332,Volkach,49.86525,10.23140
97334,Nordheim am Main,49.84311,10.18951
97337,Dettelbach,49.81210,10.13099
97340,Marktbreit,49.62522,10.14393
97342,Obernbreit,49.65900,10.16443
97346,Iphofen,49.67120,10.32208
97348,Markt Einersheim,49.68378,10.23917
97350,Mainbernheim,49.70818,10.21880
97353,Wiesentheid,49.79462,10.34351
97355,Wiesenbronn,49.75347,10.32548
97357,Prichsenstadt,49.81792,10.34817
97359,Schwarzach am Main,49.80659,10.22921
97412,Schweinfurt,51.16569,10.45153
97421,Schweinfurt,50.04449,10.22584
97422,Schweinfurt,50.05660,10.23320
97424,Schweinfurt,50.03841,10.20662
97437,Haßfurt,50.04684,10.51653
97440,Werneck,49.98179,10.08428
97447,Frankenwinheim,49.89830,10.32486
97450,Arnstein,49.98428,9.93640
97453,Schonungen,50.04943,10.30922
97456,Dittelbrunn,50.07241,10.21930
97461,Hofheim in Unterfranken,50.13846,10.53743
97464,Niederwerrn,50.06224,10.18330
97469,Gochsheim,50.02016,10.29513
97475,Zeil am Main,50.01149,10.59220
97478,Knetzgau,49.99274,10.54624
97483,Eltmann,49.97208,10.65227
97486,Königsberg in Bayern,50.08087,10.56645
97488,Stadtlauringen,50.18635,10.36269
97490,Poppenhausen,50.10010,10.14435
97491,Aidhausen,50.15434,10.43568
97493,Bergrheinfeld,50.00055,10.16563
97494,Bundorf,50.21251,10.52422
97496,Burgpreppach,50.13997,10.63411
97497,Dingolshausen,49.90682,10.40270
97499,Donnersdorf,49.97277,10.41970
97500,Ebelsbach,49.98670,10.67360
97502,Euerbach,50.06209,10.13667
97503,Gädheim,50.02306,10.34662
97505,Geldersheim,50.04362,10.15661
97506,Grafenrheinfeld,50.00388,10.19938
97508,Grettstadt,49.98570,10.31156
97509,Kolitzheim,49.92540,10.25346
97511,Lülsfeld,49.87395,10.35746
97513,Michelau im Steigerwald,49.92650,10.47127
97514,Oberaurach,49.90955,10.65572
97516,Oberschwarzach,49.86030,10.40992
97517,Rannungen,50.17388,10.20168
97519,Riedbach,50.09424,10.45230
97520,Röthlein,49.96577,10.20722
97522,Sand am Main,49.98741,10.58819
97523,Schwanfeld,49.92023,10.13644
97525,Schwebheim,49.98958,10.26007
97526,Sennfeld,50.04378,10.26300
97528,Sulzdorf an der Lederhecke,50.24073,10.56231
97529,Sulzheim,49.93840,10.33969
97531,Theres,50.01985,10.44740
97532,Üchtelhausen,50.13101,10.27467
97534,Waigolshausen,49.96454,10.12067
97535,Wasserlosen,50.07678,10.03914
97537,Wipfeld,49.91956,10.17341
97539,Wonfurt,50.01255,10.46922
97616,Bad Neustadt an der Saale,50.32422,10.20885
97618,Wollbach,50.35421,10.25788
97631,Bad Königshofen im Grabfeld,50.27779,10.49384
97633,Saal an der Saale,50.32537,10.42912
97638,Mellrichstadt,50.43836,10.33347
97640,Hendungen,50.40031,10.29181
97645,Ostheim vor der Rhön,50.46076,10.23046
97647,Hausen,50.48813,10.14085
97650,Fladungen,50.52102,10.14453
97653,Bischofsheim an der Rhön,50.40579,9.99178
97654,Bastheim,50.38954,10.17787
97656,Oberelsbach,50.43934,10.08614
97657,Sandberg,50.34809,10.00804
97659,Schönau an der Brend,50.37936,10.10389
97688,Bad Kissingen,50.21244,10.05884
97702,Münnerstadt,50.25661,10.26624
97705,Burkardroth,50.26787,9.99335
97708,Bad Bocklet,50.27529,10.05422
97711,Maßbach,50.18323,10.27609
97714,Oerlenbach,50.14343,10.13389
97717,Euerdorf,50.15195,10.03705
97720,Nüdlingen,50.22093,10.12392
97723,Oberthulba,50.20596,9.89322
97724,Burglauer,50.27651,10.17907
97725,Elfershausen,50.14526,9.96439
97727,Fuchsstadt,50.10679,9.93334
97729,Ramsthal,50.13879,10.06829
97737,Gemünden am Main,50.05581,9.70519
97753,Karlstadt,49.96866,9.75564
97762,Hammelburg,50.11408,9.87424
97769,Bad Brückenau,50.30364,9.78495
97772,Wildflecken,50.37669,9.91307
97773,Aura im Sinngrund,50.19437,9.53714
97775,Burgsinn,50.14307,9.65449
97776,Eußenheim,50.00485,9.82485
97778,Fellen,50.13161,9.54266
97779,Geroda,50.28011,9.89447
97780,Gössenheim,50.02023,9.78161
97782,Gräfendorf,50.12239,9.73988
97783,Karsbach,50.04065,9.78676
97785,Mittelsinn,50.18783,9.61591
97786,Motten,50.38795,9.77368
97788,Neuendorf,50.03666,9.62450
97789,Oberleichtersbach,50.27375,9.80451
97791,Obersinn,50.22593,9.59523
97792,Riedenberg,50.32104,9.86278
97794,Rieneck,50.09280,9.64738
97795,Schondra,50.26972,9.85985
97797,Wartmannsroth,50.16622,9.78757
97799,Zeitlofs,50.26040,9.67016
97816,Lohr am Main,49.98920,9.57225
97828,Marktheidenfeld,49.84446,9.57192
97833,Frammersbach,50.06161,9.38458
97834,Birkenfeld,49.85863,9.69502
97836,Bischbrunn,49.85988,9.51040
97837,Erlenbach bei Marktheidenfeld,49.81873,9.62747
97839,Esselbach,49.86105,9.52749
97840,Hafenlohr,49.86823,9.60348
97842,Karbach,49.86720,9.63806
97843,Neuhütten,49.93433,9.42207
97845,Neustadt am Main,49.93080,9.57067
97846,Partenstein,50.04534,9.51995
97848,Rechtenbach,49.98269,9.51036
97849,Roden,49.91903,9.62265
97851,Rothenfels,49.89294,9.58588
97852,Schollbrunn,49.83486,9.46417
97854,Steinfeld,49.95211,9.66888
97855,Triefenstein,49.79658,9.58891
97857,Urspringen,49.90182,9.67213
97859,Wiesthal,50.02936,9.43069
97877,Wertheim,49.73386,9.47432
97892,Kreuzwertheim,49.76694,9.51959
97896,Freudenberg,49.74787,9.36614
97900,Külsheim,49.66759,9.51824
97901,Altenbuch,49.82820,9.39305
97903,Collenberg,49.77190,9.33230
97904,Dorfprozelten,49.78908,9.36664
97906,Faulbach,49.78343,9.44502
97907,Hasloch,49.79107,9.49130
97909,Stadtprozelten,49.78297,9.40437
97922,Lauda-Königshofen,49.54786,9.72943
97941,Tauberbischofsheim,49.62545,9.66327
97944,Boxberg,49.47235,9.65030
97947,Grünsfeld,49.60723,9.74665
97950,Großrinderfeld,49.67892,9.76173
97953,Königheim,49.61797,9.59561
97956,Werbach,49.67102,9.64138
97957,Wittighausen,49.61231,9.83884
97959,Assamstadt,49.43366,9.68325
97980,Bad Mergentheim,49.46366,9.75323
97990,Weikersheim,49.48366,9.87968
97993,Creglingen,49.47144,10.02997
97996,Niederstetten,49.39946,9.91944
97999,Igersheim,49.52798,9.84210
98527,Suhl,50.59357,10.69726
98528,Suhl,50.63835,10.73722
98529,Suhl,50.61477,10.67346
98530,Dillstädt,50.58263,10.53498
98544,Zella-Mehlis,50.65931,10.66673
98547,Christes,50.66639,10.55494
98553,Sankt Kilian,50.53675,10.74503
98554,Benshausen,50.64401,10.60505
98559,Oberhof,50.70640,10.72580
98574,Schmalkalden,50.72204,10.43946
98587,Unterschönau,50.70731,10.60131
98590,Schwallungen,50.70723,10.25313
98593,Kleinschmalkalden,50.76217,10.47511
98596,Trusetal,50.78785,10.40839
98597,Fambach,50.76247,10.32943
98599,Brotterode,50.82852,10.42366
98617,Einhausen,50.53061,10.35396
98630,Mendhausen,50.38506,10.57582
98631,Berkach,50.44895,10.44788
98634,Hümpfershausen,50.60617,10.15620
98639,Metzels,50.60965,10.38398
98646,Siegritz,50.40422,10.70779
98660,Lengfeld,50.50626,10.62202
98663,Ummerstadt,50.27950,10.72455
98666,Masserberg,50.50767,10.94296
98667,Schleusegrund,50.53285,10.89700
98669,Schlechtsart,50.40997,10.81414
98673,Brünn,50.42322,10.90786
98678,Sachsenbrunn,50.44714,10.94914
98693,Ilmenau,50.69989,10.90656
98701,Altenfeld,50.59213,11.04641
98704,Langewiesen,50.67195,10.97981
98708,Möhrenbach,50.64969,11.00372
98711,Schmiedefeld am Rennsteig,50.60376,10.81291
98714,Stützerbach,50.63434,10.86086
98716,Geschwenda,50.71812,10.84674
98724,Neuhaus am Rennweg,50.49399,11.14041
98739,Piesau,50.53329,11.22026
98743,Gräfenthal,50.51680,11.28297
98744,Cursdorf,50.57293,11.13701
98746,Goldisthal,50.53775,11.06682
98749,Scheibe-Alsbach,50.47463,11.06966
99084,Erfurt,50.97543,11.02619
99085,Erfurt,50.98586,11.05518
99086,Erfurt,50.99577,11.03429
99087,Erfurt,51.02915,11.04406
99089,Erfurt,50.99772,11.01377
99091,Erfurt,51.02073,10.98954
99092,Erfurt,50.98220,10.98278
99094,Erfurt,50.94597,10.97549
99096,Erfurt,50.95667,11.02935
99097,Erfurt,50.95081,11.07160
99098,Erfurt,50.99831,11.14546
99099,Erfurt,50.96291,11.07441
99100,Zimmernsupra,51.07449,10.85541
99102,Klettbach,50.91430,11.15061
99130,Marlishausen,51.16569,10.45153
99189,Witterda,51.04516,10.95031
99192,Neudietendorf,50.91055,10.91512
99195,Eckstedt,51.09237,11.09922
99198,Kleinmölsen,50.96935,11.15475
99310,Alkersleben,50.81010,10.96409
99326,Ilmtal,50.75397,11.11105
99330,Crawinkel,50.75315,10.78700
99334,Kirchheim,50.87842,10.97212
99338,Angelroda,50.77744,10.90178
99423,Weimar,50.98100,11.32364
99425,Weimar,50.97256,11.35585
99427,Weimar,50.99361,11.32034
99428,Utzberg,50.96030,11.25562
99438,Troistedt,50.89675,11.26789
99439,Neumark,51.07341,11.29717
99441,Kiliansroda,50.94415,11.42979
99444,Blankenhain,50.86088,11.34329
99448,Hohenfelden,50.84122,11.18859
99510,Liebstedt,51.01108,11.50044
99518,Schmiedehausen,51.08790,11.62857
99610,Sömmerda,51.17087,11.16515
99625,Großmonra,51.21247,11.28237
99628,Ellersleben,51.12231,11.41758
99631,Herrnschwende,51.19545,11.06820
99634,Straußfurt,51.15737,10.97410
99636,Ostramondra,51.20437,11.36522
99638,Kindelbrück,51.25729,11.09259
99706,Sondershausen,51.36577,10.89943
99707,Günserode,51.36003,11.04152
99713,Thüringenhausen,51.28627,10.73382
99718,Großenehrich,51.23446,10.93052
99734,Nordhausen,51.49908,10.83717
99735,Wolkramshausen,51.47117,10.74226
99752,Kleinbodungen,51.44177,10.57222
99755,Hohenstein,51.55161,10.61365
99759,Niedergebra,51.40537,10.58608
99762,Niedersachswerfen,51.56962,10.87934
99765,Görsbach,51.44697,10.87992
99768,Ilfeld,51.57709,10.78750
99817,Eisenach,50.98566,10.31446
99819,Wolfsburg-Unkeroda,50.91344,10.20282
99820,Behringen,51.02325,10.48305
99826,Mihla,51.07874,10.33510
99830,Treffurt,51.12597,10.21909
99831,Ifta,51.05250,10.24825
99834,Oberellen,50.96354,10.06727
99837,Großensee,50.92978,10.11216
99842,Ruhla,50.89687,10.36537
99846,Seebach,50.91522,10.42475
99848,Wutha-Farnroda,50.94210,10.38930
99867,Gotha,50.95115,10.69493
99869,Wandersleben,50.89690,10.76719
99880,Aspach,50.93185,10.56086
99885,Luisenthal,50.82742,10.73404
99887,Georgenthal,50.83189,10.66358
99891,Emsetal,50.87845,10.51152
99894,Ernstroda,50.85798,10.56414
99897,Tambach-Dietharz,50.79298,10.61317
99947,Sundhausen,51.09493,10.62322
99955,Urleben,51.16137,10.81909
99958,Großvargula,51.09378,10.75017
99974,Mühlhausen,51.23744,10.45112
99976,Rodeberg,51.25626,10.35915
99986,Kammerforst,51.16569,10.42104
99988,Heyerode,51.16117,10.23912
99991,Heroldishausen,51.15222,10.57443
99994,Schlotheim,51.24493,10.65966
99996,Obermehler,51.30040,10.57436
99998,Körner,51.23119,10.58734
